Workbook

Sheet 종합
B1: 격투가 종합 계산기 v2.3 -시즌1 | H1: 이 색상의 셀만 조작해주세요.
F2: 46115 | G2: 무쇠손/라사 | N2: 현재셋팅 | O2: 셋팅1 | P2: 셋팅2 | Q2: 셋팅3
A3: 조건 | B3: 전투시간 | C3: 120 | D3: 초 | E3: 함선 허수아비 | F3: 방어도계수 | G3: =LET(x, IFS(OR(E3="글라스기브넨", E3="화이트서큐버스"), 6410,E3="허수아비", 30, E3="함선 허수아비", 30, E3="어비스 지옥2", 9153, E3="바리어비스", 15903), 1/(1+x/10328)) -> 0.99710369 | H3: 충전획득량(초당) | I3: 5 | M3: =B11 -> 무기 | N3: =C11 -> 망각+
B4: 무빙시간 | C4: 0 | D4: 초 | E4: 예상되는 기믹으로 인한 무빙시간 | G4: =C4/C3 -> 0 | I4: 기본수치 | J4: 증가수치 | K4: 적용수치 | M4: =B12 -> 장신구1 | N4: =C12 -> 약점
B5: 궁극기횟수 | C5: 2 | D5: =TEXT(((C3-40)/100*K24)*K39+C3*'펫'!E3*K24, "0.00") & " 번 예상(+궁비궁)" -> 0.60 번 예상(+궁비궁) | F5: 궁극기를 사용할 횟수를 입력합니다. | H5: 공격력 | I5: 27166 | J5: =SUMIF('무기룬'!B:B, TRUE, OFFSET('무기룬'!$A:$A, 0, ROW()-2)) + SUMIF('방어구룬'!B:B, TRUE, OFFSET('방어구룬'!$A:$A, 0, ROW()-2)) + SUMIF('엠블럼룬'!B:B, TRUE, OFFSET('엠블럼룬'!$A:$A, 0, ROW()-2))+C10/100 -> 0.418 | K5: =I5*(1+J5) -> 38521.388 | M5: =B13 -> 장신구2 | N5: =C13 -> 전진
B6: 무방비시간 | C6: 0 | D6: 초 | E6: 예상되는 보스몹의 브레이크시간입니다. | H6: 조건부공증 | J6: =SUMIF('무기룬'!B:B, TRUE, OFFSET('무기룬'!$A:$A, 0, ROW()-2)) + SUMIF('방어구룬'!B:B, TRUE, OFFSET('방어구룬'!$A:$A, 0, ROW()-2)) + SUMIF('엠블럼룬'!B:B, TRUE, OFFSET('엠블럼룬'!$A:$A, 0, ROW()-2))+IF(COUNTIF(C12:C14, "비생고(임시)") > 0, 0.25, 0) -> 0.34166667 | K6: =I5*(1+J5+J6) -> 47803.105 | M6: =B14 -> 장신구3 | N6: =C14 -> 강격
B7: 기믹피증 | C7: 0 | D7: % | E7: 이명, 부채꼴, 바닥등등의 피증의 평균입니다. | H7: 주는피해증가 | I7: =G28+C7/100 -> 0 | J7: =SUMIF('무기룬'!B:B, TRUE, OFFSET('무기룬'!$A:$A, 0, ROW()-2)) + SUMIF('방어구룬'!B:B, TRUE, OFFSET('방어구룬'!$A:$A, 0, ROW()-2)) + SUMIF('엠블럼룬'!B:B, TRUE, OFFSET('엠블럼룬'!$A:$A, 0, ROW()-2)) -> 0.07 | K7: =I7+J7 -> 0.07 | M7: =B15 -> 엠블럼 | N7: =C15 -> 아득한 빛
B8: 힐러계열 피증 | C8: 0 | D8: % | E8: 힐러계열의 효과를 받는다면 입력해주세요. | H8: 받는피해증가 | I8: =C9/100 -> 0.1 | J8: =SUMIF('무기룬'!B:B, TRUE, OFFSET('무기룬'!$A:$A, 0, ROW()-2)) + SUMIF('방어구룬'!B:B, TRUE, OFFSET('방어구룬'!$A:$A, 0, ROW()-2)) + SUMIF('엠블럼룬'!B:B, TRUE, OFFSET('엠블럼룬'!$A:$A, 0, ROW()-2)) -> 0 | K8: =I8+J8 -> 0.1 | M8: =E11 -> 방어구1 | N8: =F11 -> 압도적인 힘
B9: 룬, 스킬받피증 | C9: 10 | D9: % | E9: 방어구파괴(최대 10퍼 심찌,차징피스트등등) | H9: 강타피해증가 | I9: =C18/8500 -> 0.29258824 | J9: =SUMIF('무기룬'!B:B, TRUE, OFFSET('무기룬'!$A:$A, 0, ROW()-2)) + SUMIF('방어구룬'!B:B, TRUE, OFFSET('방어구룬'!$A:$A, 0, ROW()-2)) + SUMIF('엠블럼룬'!B:B, TRUE, OFFSET('엠블럼룬'!$A:$A, 0, ROW()-2))+'펫'!H3 -> 0.08 | K9: =I9*(1+J9)+J9 -> 0.39599529 | M9: =E12 -> 방어구2 | N9: =F12 -> 섬세한 손놀림
B10: 인챈트 공증(%) | C10: 6.8 | D10: 강타피해(%) | E10: 1 | F10: 연타피해(%) | H10: 연타피해증가 | I10: =C24/8500 -> 0.35164706 | J10: =SUMIF('무기룬'!B:B, TRUE, OFFSET('무기룬'!$A:$A, 0, ROW()-2)) + SUMIF('방어구룬'!B:B, TRUE, OFFSET('방어구룬'!$A:$A, 0, ROW()-2)) + SUMIF('엠블럼룬'!B:B, TRUE, OFFSET('엠블럼룬'!$A:$A, 0, ROW()-2)) -> 0.206 | K10: =I10*(1+J10)+J10 -> 0.63008635 | M10: =E13 -> 방어구3 | N10: =F13 -> 일렁이는 불꽃
A11: 룬 | B11: 무기 | C11: 망각+ | D11: 초월++ | E11: 방어구1 | F11: 압도적인 힘 | G11: 초월++ | H11: 추가타피해 | I11: 2 | J11: =SUMIF('무기룬'!B:B, TRUE, OFFSET('무기룬'!$A:$A, 0, ROW()-2)) + SUMIF('방어구룬'!B:B, TRUE, OFFSET('방어구룬'!$A:$A, 0, ROW()-2)) + SUMIF('엠블럼룬'!B:B, TRUE, OFFSET('엠블럼룬'!$A:$A, 0, ROW()-2)) -> 0 | K11: =I11++J11 -> 2 | M11: =E14 -> 방어구4 | N11: =F14 -> 바스러지는 빛
B12: 장신구1 | C12: 약점 | D12: 초월+ | E12: 방어구2 | F12: 섬세한 손놀림 | G12: 초월++ | H12: 치명타피해 | I12: =1.4+(C27/5000) -> 2.785 | J12: =SUMIF('무기룬'!B:B, TRUE, OFFSET('무기룬'!$A:$A, 0, ROW()-2)) + SUMIF('방어구룬'!B:B, TRUE, OFFSET('방어구룬'!$A:$A, 0, ROW()-2)) + SUMIF('엠블럼룬'!B:B, TRUE, OFFSET('엠블럼룬'!$A:$A, 0, ROW()-2)) -> 0.30666667 | K12: =I12*(1+J12) -> 3.6390667 | M12: =E15 -> 방어구5 | N12: =F15 -> 산들바람 | R12: 무기~치명타까지 복사됩니다.
B13: 장신구2 | C13: 전진 | D13: 초월+ | E13: 방어구3 | F13: 일렁이는 불꽃 | G13: 초월+ | H13: 콤보피해증가 | I13: =C19/17500 -> 0.087542857 | J13: =SUMIF('무기룬'!B:B, TRUE, OFFSET('무기룬'!$A:$A, 0, ROW()-2)) + SUMIF('방어구룬'!B:B, TRUE, OFFSET('방어구룬'!$A:$A, 0, ROW()-2)) + SUMIF('엠블럼룬'!B:B, TRUE, OFFSET('엠블럼룬'!$A:$A, 0, ROW()-2)) -> 0 | K13: =((1+I13)*(1+J13)-1)*(K37/4) -> 0.046988372 | L13: 평균치 | M13: 기본공격력 | N13: =I5 -> 27166
B14: 장신구3 | C14: 강격 | D14: 초월+ | E14: 방어구4 | F14: 바스러지는 빛 | G14: 일반 | H14: 멀티피해증가 | I14: =0.08+(C21/8500) -> 0.20729412 | J14: =SUMIF('무기룬'!B:B, TRUE, OFFSET('무기룬'!$A:$A, 0, ROW()-2)) + SUMIF('방어구룬'!B:B, TRUE, OFFSET('방어구룬'!$A:$A, 0, ROW()-2)) + SUMIF('엠블럼룬'!B:B, TRUE, OFFSET('엠블럼룬'!$A:$A, 0, ROW()-2)) -> 0 | K14: =I14*(1+J14)+J14 -> 0.20729412 | L14: 어비스에서 유효 | M14: =B17 -> 브레이크 | N14: =C17 -> 1742
B15: 엠블럼 | C15: 아득한 빛 | D15: 초월++ | E15: 방어구5 | F15: 산들바람 | G15: 초월+ | H15: 스킬피해증가 | I15: =C20/8500 -> 0.18552941 | J15: =SUMIF('무기룬'!B:B, TRUE, OFFSET('무기룬'!$A:$A, 0, ROW()-2)) + SUMIF('방어구룬'!B:B, TRUE, OFFSET('방어구룬'!$A:$A, 0, ROW()-2)) + SUMIF('엠블럼룬'!B:B, TRUE, OFFSET('엠블럼룬'!$A:$A, 0, ROW()-2)) -> 0 | K15: =I15*(1+J15)+J15 -> 0.18552941 | M15: =B18 -> 강타강화 | N15: =C18 -> 2487
A16: 스텟 | B16: 공격력 | C16: 38521 | D16: 마을공격력을 입력해주세요>>>>>> | F16: I5에 입력>>> | G16: =C16/(1+J5) -> 27165.726 | H16: 추가타확률 | I16: =C22/13000 -> 0.075923077 | J16: =SUMIF('무기룬'!B:B, TRUE, OFFSET('무기룬'!$A:$A, 0, ROW()-2)) + SUMIF('방어구룬'!B:B, TRUE, OFFSET('방어구룬'!$A:$A, 0, ROW()-2)) + SUMIF('엠블럼룬'!B:B, TRUE, OFFSET('엠블럼룬'!$A:$A, 0, ROW()-2)) -> 0.22083333 | K16: =(1+I16)*(1+J16)-1 -> 0.31352276 | M16: =B19 -> 콤보강화 | N16: =C19 -> 1532
B17: 브레이크 | C17: 1742 | D17: 브레이크시 데미지가 증가합니다. | G17: 공증에 가려진 기본공격력입니다. | H17: 치명타확률 | I17: =0.5*(C27/(C27+2000))+if(E3="허수아비",0.3,0) -> 0.38795518 | J17: =SUMIF('무기룬'!B:B, TRUE, OFFSET('무기룬'!$A:$A, 0, ROW()-2)) + SUMIF('방어구룬'!B:B, TRUE, OFFSET('방어구룬'!$A:$A, 0, ROW()-2)) + SUMIF('엠블럼룬'!B:B, TRUE, OFFSET('엠블럼룬'!$A:$A, 0, ROW()-2)) -> 0.17 | K17: =min(1,I17+J17) -> 0.55795518 | M17: =B20 -> 스킬위력 | N17: =C20 -> 1577
B18: 강타강화 | C18: 2487 | D18: 강타 데미지가 증가합니다.(연타와합연산) | G18: 처음한번만 하면됩니다 단, | H18: 캐스팅속도 | I18: 0 | J18: =SUMIF('무기룬'!B:B, TRUE, OFFSET('무기룬'!$A:$A, 0, ROW()-2)) + SUMIF('방어구룬'!B:B, TRUE, OFFSET('방어구룬'!$A:$A, 0, ROW()-2)) + SUMIF('엠블럼룬'!B:B, TRUE, OFFSET('엠블럼룬'!$A:$A, 0, ROW()-2)) -> 0 | K18: =I18+J18 -> 0 | M18: =B21 -> 광역강화 | N18: =C21 -> 1082
B19: 콤보강화 | C19: 1532 | D19: 콤보 데미지가 증가합니다. | G19: 6,7성룬 섞이면 다시하세요 | H19: 무방비피해증가 | I19: =C17/5250 -> 0.33180952 | J19: =SUMIF('무기룬'!B:B, TRUE, OFFSET('무기룬'!$A:$A, 0, ROW()-2)) + SUMIF('방어구룬'!B:B, TRUE, OFFSET('방어구룬'!$A:$A, 0, ROW()-2)) + SUMIF('엠블럼룬'!B:B, TRUE, OFFSET('엠블럼룬'!$A:$A, 0, ROW()-2))+'펫'!F3 -> 0 | K19: =(1+J19)*(1+I19)+0.4-1 -> 0.73180952 | M19: =B22 -> 추가타 | N19: =C22 -> 987
B20: 스킬위력 | C20: 1577 | D20: 스킬피해증가 수치가 증가합니다. | G20: 수치를 모른다면 | H20: 회복속도증가 | I20: 0 | J20: =SUMIF('무기룬'!B:B, TRUE, OFFSET('무기룬'!$A:$A, 0, ROW()-2)) + SUMIF('방어구룬'!B:B, TRUE, OFFSET('방어구룬'!$A:$A, 0, ROW()-2)) + SUMIF('엠블럼룬'!B:B, TRUE, OFFSET('엠블럼룬'!$A:$A, 0, ROW()-2)) -> 0 | K20: =I20+J20 -> 0 | M20: =B23 -> 빠른공격 | N20: =C23 -> 1484
B21: 광역강화 | C21: 1082 | D21: 멀티피해 데미지가 증가합니다. | G21: '공격력변환'시트로 | H21: 스킬속도증가 | I21: =C25*'스킬 및 딜사이클'!A27 -> 0.10416 | J21: =SUMIF('무기룬'!B:B, TRUE, OFFSET('무기룬'!$A:$A, 0, ROW()-2)) + SUMIF('방어구룬'!B:B, TRUE, OFFSET('방어구룬'!$A:$A, 0, ROW()-2)) + SUMIF('엠블럼룬'!B:B, TRUE, OFFSET('엠블럼룬'!$A:$A, 0, ROW()-2))+'펫'!G3 -> 0 | K21: =I21+J21 -> 0.10416 | M21: =B24 -> 연타강화 | N21: =C24 -> 2989
B22: 추가타 | C22: 987 | D22: 추가타 확률이 증가합니다. | H22: 공격속도증가 | I22: =C23*0.00007 -> 0.10388 | J22: =SUMIF('무기룬'!B:B, TRUE, OFFSET('무기룬'!$A:$A, 0, ROW()-2)) + SUMIF('방어구룬'!B:B, TRUE, OFFSET('방어구룬'!$A:$A, 0, ROW()-2)) + SUMIF('엠블럼룬'!B:B, TRUE, OFFSET('엠블럼룬'!$A:$A, 0, ROW()-2))+'펫'!G3 -> 0 | K22: =I22+J22 -> 0.10388 | M22: =B25 -> 빠른스킬 | N22: =C25 -> 1488
B23: 빠른공격 | C23: 1484 | D23: 평타사용시간이 줄어듭니다. | H23: 기본공격추가타 | I23: 0 | J23: =SUMIF('무기룬'!B:B, TRUE, OFFSET('무기룬'!$A:$A, 0, ROW()-2)) + SUMIF('방어구룬'!B:B, TRUE, OFFSET('방어구룬'!$A:$A, 0, ROW()-2)) + SUMIF('엠블럼룬'!B:B, TRUE, OFFSET('엠블럼룬'!$A:$A, 0, ROW()-2)) -> 0 | K23: =I23+J23 -> 0 | M23: =B27 -> 치명타 | N23: =C27 -> 6925
B24: 연타강화 | C24: 2989 | D24: 연타 데미지가 증가합니다.(강타와합연산) | H24: 궁극기획득량 | I24: =C26/7250+1 -> 1.2471724 | J24: =SUMIF('무기룬'!B:B, TRUE, OFFSET('무기룬'!$A:$A, 0, ROW()-2)) + SUMIF('방어구룬'!B:B, TRUE, OFFSET('방어구룬'!$A:$A, 0, ROW()-2)) + SUMIF('엠블럼룬'!B:B, TRUE, OFFSET('엠블럼룬'!$A:$A, 0, ROW()-2)) -> 0 | K24: =I24*(1+J24) -> 1.2471724 | M24: 전투시간 | N24: =C3&"초"&"" -> 120초
B25: 빠른스킬 | C25: 1488 | D25: 스킬사용시간이 줄어듭니다. | H25: 직접피해(초당계수) | I25: 0 | J25: =SUMIF('무기룬'!B:B, TRUE, OFFSET('무기룬'!$A:$A, 0, ROW()-2)) + SUMIF('방어구룬'!B:B, TRUE, OFFSET('방어구룬'!$A:$A, 0, ROW()-2)) + SUMIF('엠블럼룬'!B:B, TRUE, OFFSET('엠블럼룬'!$A:$A, 0, ROW()-2)) -> 0 | K25: =I25+J25 -> 0 | M25: 딜사이클 | N25: =C37 -> 2352 12
B26: 궁극기 | C26: 1792 | D26: 궁극기스택이 획득량이 증가합니다 | H26: 지속피해(초당계수) | I26: 0 | J26: =SUMIF('무기룬'!B:B, TRUE, OFFSET('무기룬'!$A:$A, 0, ROW()-2)) + SUMIF('방어구룬'!B:B, TRUE, OFFSET('방어구룬'!$A:$A, 0, ROW()-2)) + SUMIF('엠블럼룬'!B:B, TRUE, OFFSET('엠블럼룬'!$A:$A, 0, ROW()-2)) -> 0 | K26: =I26+J26 -> 0 | M26: 무방비시간 | N26: =C6&"초" -> 0초
B27: 치명타 | C27: 6925 | D27: 치명타 확률 및 피해가 증가합니다. | H27: 이동속도 | I27: 4 | J27: =SUMIF('무기룬'!B:B, TRUE, OFFSET('무기룬'!$A:$A, 0, ROW()-2)) + SUMIF('방어구룬'!B:B, TRUE, OFFSET('방어구룬'!$A:$A, 0, ROW()-2)) + SUMIF('엠블럼룬'!B:B, TRUE, OFFSET('엠블럼룬'!$A:$A, 0, ROW()-2)) -> 0 | K27: =I27*(1+J27) -> 4 | M27: 딜사이클 | N27: =E37 -> 2352 12
A28: 세공 | B28: 강타 뎀증 | C28: ='보석'!F25 -> 0.471 | D28: 강타 쿨감 | E28: ='보석'!N25 -> 0.0285 | F28: 헬리오도르 | G28: ='보석'!B25 -> 0 | H28: 특이사항 | M28: 궁극기시간 | N28: =G38+I38&"초" -> 33초
B29: 이동 뎀증 | C29: ='보석'!H25 -> 0.471 | D29: 이동 쿨감 | E29: ='보석'!P25 -> 0.0425 | F29: 그린 헬리오도르 | G29: ='보석'!C25 -> 0 | H29: =IFERROR(__xludf.DUMMYFUNCTION("IFNA(WRAPROWS(LET( stacked_data, {{'무기룬'!B:B, '무기룬'!AA:AA}; {'방어구룬'!B:B, '방어구룬'!AA:AA}; {'엠블럼룬'!B:B, '엠블럼룬'!AA:AA}}, FILTER( CHOOSECOLS(stacked_data, 2), (CHOOSECOLS(stacked_data, 1) = TRUE) * (CHOOSECOLS(stacked_"&"data, 2) <> """") ) ), 4), """")"),"평타쿨감9%") -> 평타쿨감9% | I29: =IFERROR(__xludf.DUMMYFUNCTION("""COMPUTED_VALUE"""),"각성종속") -> 각성종속 | J29: =IFERROR(__xludf.DUMMYFUNCTION("""COMPUTED_VALUE"""),"각성종속") -> 각성종속 | K29: =IFERROR(__xludf.DUMMYFUNCTION("""COMPUTED_VALUE"""),"방어구룬에서 강화입력") -> 방어구룬에서 강화입력 | M29: 딜사이클 | N29: =G37 & " / " & I37 -> 252 / 252
B30: 보조 뎀증 | C30: ='보석'!G25 -> 0.021 | D30: 보조 쿨감 | E30: ='보석'!O25 -> 0.0075 | M30: 직접, 지속피해 지분 | N30: =(K42+K43)/K44 -> 0
B31: 방해 뎀증 | C31: ='보석'!E25 -> 0.021 | D31: 방해 쿨감 | E31: ='보석'!M25 -> 0 | M31: 대상 | N31: =E3 -> 함선 허수아비
B32: 생존 뎀증 | C32: ='보석'!D25 -> 0 | D32: 생존 쿨감 | E32: ='보석'!L25 -> 0 | M32: 무빙계수 | N32: =C4/C3 -> 0
A33: 스킬 개조 | B33: 1 | C33: 2 | D33: 3 | E33: 4 | F33: 5 | G33: 6 | M33: 펫 | N33: ='펫'!C3 -> 무옵
B34: 10 | C34: 30 | D34: 10 | E34: 10 | F34: 30 | G34: 30 | M34: 예상 DPS | N34: =K44 -> 3463303.9
A35: 딜사이클 및 DPS | B35: =IF(B34>30, "30초과", IF(SUM(B$34:G$34)>120, "합계 120 초과", "")) | C35: =IF(C34>30, "30초과", IF(SUM(C$34:H$34)>120, "합계 120 초과", "")) | D35: =IF(D34>30, "30초과", IF(SUM(D$34:I$34)>120, "합계 120 초과", "")) | E35: =IF(E34>30, "30초과", IF(SUM(E$34:J$34)>120, "합계 120 초과", "")) | F35: =IF(F34>30, "30초과", IF(SUM(F$34:K$34)>120, "합계 120 초과", "")) | G35: =IF(G34>30, "30초과", IF(SUM(G$34:M$34)>120, "합계 120 초과", "")) | N35: 현재셋팅 저장 | O35: FALSE | P35: FALSE | Q35: FALSE
B36: 평상시 | D36: 평소 무방비시 | F36: 궁극기 사용시 | H36: 무방비 궁극기 사용시 | J36: 합계 | N36: 비교값 | O36: =IFERROR((O34)/$N34-1, "") -> -1 | P36: =IFERROR((P34)/$N34-1, "") -> -1 | Q36: =IFERROR((Q34)/$N34-1, "") -> -1
B37: 딜사이클 | C37: 2352 12 | D37: 딜사이클 | E37: 2352 12 | F37: 딜사이클 | G37: 252 | H37: 콤보강화변수 | I37: 252 | J37: 콤보강화변수 | K37: =LET(x, K39, y, K38, t_11, 11/x, t_51, 51/x, t_101, 101/x, dur_1, MIN(y, t_11), dur_2, MAX(0, MIN(y, t_51) - t_11), dur_3, MAX(0, MIN(y, t_101) - t_51), dur_4, MAX(0, y - t_101), (dur_1*1 + dur_2*2 + dur_3*3 + dur_4*4) / y) -> 2.1469883 | M37: 이 계산기의 목적은 셋팅간 우위를 찾아보기 위한것임 오차범위내라면 허수아비등으로 체크를 다시해보는걸 추천함 반영된것 검무등등 대부분의 축적, 누적룬 가동률, 재사용시간 회복속도룬, 쿨감룬, 갈땅의 추가공격은 추가타피해로 계산함 반영안된것 필사의일격 쿨초기화, ###약점 카운터조건###, 종언의 적처치시 효과 궁극기 dps 반영시 사이클단위가 아님 본인만의 루틴이있으면 그게더좋음 1-2 사거리가 짧아서 드라군처럼 무빙하는것, 종언+ 조건부 공증 궁극기 3초 선딜 주의해야할것 각성과 궁극기 사용을 맞출경우 dps가 계산기보다 더 높게나올수있음 궁쿨감과 세공쿨감 곱연으로 계산함 트리거는 모두 만족한것으로 계산함
B38: 시간(초) | C38: =max(,0,C3-E38-G38-I38) -> 87 | D38: 시간(초) | E38: =C6-I38 -> 0 | F38: 시간(초) | G38: =MIN(C5*'스킬 및 딜사이클'!Y3, C3) * (1-(C6/C3)) -> 33 | H38: 시간(초) | I38: =MIN(C5*'스킬 및 딜사이클'!Y3, C3) * (C6/C3) -> 0 | J38: 시간(초) | K38: =sum(E38,G38,I38,C38) -> 120
B39: 초당스킬횟수 | C39: ='스킬 및 딜사이클'!C32/'스킬 및 딜사이클'!AJ50 -> 0.66379024 | D39: 초당스킬횟수 | E39: ='스킬 및 딜사이클'!C54/'스킬 및 딜사이클'!AJ72 -> 0.66379024 | F39: 초당스킬횟수 | G39: ='스킬 및 딜사이클'!C76/'스킬 및 딜사이클'!AJ94/2 -> 0.4525422 | H39: 초당스킬횟수 | I39: ='스킬 및 딜사이클'!C98/'스킬 및 딜사이클'!AJ116/2 -> 0.4525422 | J39: 초당스킬횟수 | K39: =(C39*C38+E39*E38+G39*G38+I39*I38)/K38 -> 0.60569703
B40: 초당평타횟수 | C40: ='스킬 및 딜사이클'!AJ47/'스킬 및 딜사이클'!AJ50 -> 0.44252683 | D40: 초당평타횟수 | E40: ='스킬 및 딜사이클'!AJ69/'스킬 및 딜사이클'!AJ72 -> 0.44252683 | F40: 초당평타횟수 | G40: ='스킬 및 딜사이클'!AJ91/'스킬 및 딜사이클'!AJ94 -> 0 | H40: 초당평타횟수 | I40: ='스킬 및 딜사이클'!AJ113/'스킬 및 딜사이클'!AJ116 -> 0 | J40: 초당평타횟수 | K40: =(C40*C38+E40*E38+G40*G38+I40*I38)/K38 -> 0.32083195
B41: 스킬 및 평타 DPS | C41: =$K$6*'스킬 및 딜사이클'!E51*2*G3*(1+'종합'!$K$8) -> 2665798.2 | D41: 스킬 및 평타 DPS | E41: =$K$6*'스킬 및 딜사이클'!E73*(1+K19)*2*G3*(1+'종합'!$K$8) -> 6373929.6 | F41: 스킬 및 평타 DPS | G41: ='스킬 및 딜사이클'!E95*2*(I5*(1+J5+J6+if('엠블럼룬'!$B$7=true,1,0)*min(15/'스킬 및 딜사이클'!$Y$3,1)*0.08+if('방어구룬'!$B$30=true,1,0)*min(20/'스킬 및 딜사이클'!$Y$3,1)*'방어구룬'!E30))*G3*(1+'종합'!$K$8) -> 4627176 | H41: 스킬 및 평타 DPS | I41: ='스킬 및 딜사이클'!E117*(1+K19)*2*(I5*(1+J5+J6+if('엠블럼룬'!$B$7=true,1,0)*min(15/'스킬 및 딜사이클'!$Y$3,1)*0.08+if('방어구룬'!$B$30=true,1,0)*min(20/'스킬 및 딜사이클'!$Y$3,1)*'방어구룬'!E30))*G3*(1+'종합'!$K$8) -> 10127753 | J41: 스킬 및 평타 DPS | K41: =(C41*C$38+E41*E$38+G41*G$38+I41*I$38)/K$38 -> 3205177.1
B42: 직접피해 DPS | C42: =(1+'종합'!$K$7+'종합'!$K$15+'종합'!$C$8/100)*(1+'종합'!$K$8)*(1+K9+K10+K13)*(1-'종합'!$K$17+'종합'!$K$12*'종합'!$K$17)*(1-'종합'!$K$16+'종합'!$K$11*'종합'!$K$16)*$K$6*2*$K$25*G3 -> 0 | D42: 직접피해 DPS | E42: =(1+'종합'!$K$7+'종합'!$K$15+'종합'!$C$8/100)*(1+'종합'!$K$8)*(1+K9+K10+K13)*(1-'종합'!$K$17+'종합'!$K$12*'종합'!$K$17)*(1-'종합'!$K$16+'종합'!$K$11*'종합'!$K$16)*$K$6*(1+K19)*2*$K$25*G3 -> 0 | F42: 직접피해 DPS | G42: =(1+'종합'!$K$7+'종합'!$K$15+'종합'!$C$8/100)*(1+'종합'!$K$8)*(1+K9+K10+K13)*(1-'종합'!$K$17+'종합'!$K$12*'종합'!$K$17)*(1-'종합'!$K$16+'종합'!$K$11*'종합'!$K$16)*2*(I5*(1+J5+J6+if('엠블럼룬'!$B$7=true,1,0)*min(15/'스킬 및 딜사이클'!$Y$3,1)*0.08+if('방어구룬'!$B$30=true,1,0)*min(20/'스킬 및 딜사이클'!$Y$3,1)*0.25))*$K$25*G3 -> 0 | H42: 직접피해 DPS | I42: =(1+'종합'!$K$7+'종합'!$K$15+'종합'!$C$8/100)*(1+'종합'!$K$8)*(1+K9+K10+K13)*(1-'종합'!$K$17+'종합'!$K$12*'종합'!$K$17)*(1-'종합'!$K$16+'종합'!$K$11*'종합'!$K$16)*$K$6*(1+K19)*2*$K$25*G3 -> 0 | J42: 직접피해 DPS | K42: =(C42*C$38+E42*E$38+G42*G$38+I42*I$38)/K$38 -> 0
B43: 지속피해 DPS | C43: =(1+'종합'!$K$7+'종합'!$K$15+'종합'!$C$8/100)*(1+'종합'!$K$8)*K26*K6*2*G3 -> 0 | D43: 지속피해 DPS | E43: =(1+'종합'!$K$7+'종합'!$K$15+'종합'!$C$8/100)*(1+'종합'!$K$8)*K26*K6*(1+K19)*2*G3 -> 0 | F43: 지속피해 DPS | G43: =(1+'종합'!$K$7+'종합'!$K$15+'종합'!$C$8/100)*(1+'종합'!$K$8)*K26*2*(I5*(1+J5+J6+if('엠블럼룬'!$B$7=true,1,0)*min(15/'스킬 및 딜사이클'!$Y$3,1)*0.08+if('방어구룬'!$B$30=true,1,0)*min(20/'스킬 및 딜사이클'!$Y$3,1)*0.25))*G3 -> 0 | H43: 지속피해 DPS | I43: =(1+'종합'!$K$7+'종합'!$K$15+'종합'!$C$8/100)*(1+'종합'!$K$8)*K26*K6*(1+K19)*2*G3 -> 0 | J43: 지속피해 DPS | K43: =(C43*C$38+E43*E$38+G43*G$38+I43*I$38)/K$38 -> 0
B44: 예상 DPS | C44: =sum(C41:C43)*(1.015 ^ (COUNTIF(D12:D14, "초월+") + COUNTIF(D12:D14, "초월++")*2))*IF('방어구룬'!B83, '방어구룬'!AB83 + 1, 1) -> 2787567.6 | D44: 예상 DPS | E44: =sum(E41:E43)*(1.015 ^ (COUNTIF(D12:D14, "초월+") + COUNTIF(D12:D14, "초월++")*2))*IF('방어구룬'!B83, '방어구룬'!AB83 + 1, 1) -> 6665080.4 | F44: 예상 DPS | G44: =sum(G41:G43)*(1.015 ^ (COUNTIF(D12:D14, "초월+") + COUNTIF(D12:D14, "초월++")*2))*IF('방어구룬'!B83, '방어구룬'!AB83 + 1, 1) -> 4838537.9 | H44: 예상 DPS | I44: =sum(I41:I43)*(1.015 ^ (COUNTIF(D12:D14, "초월+") + COUNTIF(D12:D14, "초월++")*2))*IF('방어구룬'!B83, '방어구룬'!AB83 + 1, 1) -> 10590372 | J44: 예상 DPS | K44: =(sum(K41:K43)*(1.015 ^ (COUNTIF(D12:D14, "초월+") + COUNTIF(D12:D14, "초월++")*2))*IF('방어구룬'!B83, '방어구룬'!AB83 + 1, 1))*(1+'무기룬'!AB31) -> 3463303.9
A45: 추천 딜사이클 | B45: 강격 | C45: 2352 44 3142 | D45: 강격 | E45: 2352 44 3142 | F45: 강격 | G45: 2352 | H45: 강격 | I45: 252 | J45: 딜사이클을 입력할때 평상시는 1사이클 기준 궁극기는 2사이클 기준으로 입력해주세요. 잘모르겠으면 추천에서 고르세요.
B46: 강격+약점 | C46: 2352 444 312 | D46: 강격+약점 | E46: 2352 444 312
B47: 망각+강격+약점 | C47: 2352 312 | D47: 망각+강격+약점 | E47: 2352 312 | F47: 열혈 | G47: 5255 5535 | H47: 열혈 | I47: 523255
B48: 열혈 | C48: 525352 444 12 | D48: 열혈 | E48: 525352 444 12

Sheet 펫
N1: 주요 펫 보유효과 및 고유스킬 (전설) | O1: 고유스킬 | P1: 보유효과
B2: 태그 | C2: 그 외 | D2: 쿨감 | E2: 초당궁극기회복 | F2: 무방비데미지증가 | G2: 공속,스속 | H2: 강타데미지증가평균 | N2: 골든 리트리버 | O2: 무옵 | P2: 공584 치1095
B3: 고유스킬 | C3: 무옵 | D3: =COUNTIF(C4:C6, "반사신경")*if(C2="신속",20%,15%) -> 0 | E3: {=IFERROR(XLOOKUP($C$3, $B$13:$B$24, E$13:E$24) / XLOOKUP($C$3, $B$13:$B$24, $K$13:$K$24),0)} -> 0 | F3: {=IFERROR(XLOOKUP($C$3, $B$13:$B$24, F$13:F$24) *IFERROR( MIN(1, 6 / XLOOKUP($C$3, $B$13:$B$24, $K$13:$K$24)), 0),0)} -> 0 | G3: {=IFERROR(XLOOKUP($C$3, $B$13:$B$24, G$13:G$24) *IFERROR( MIN(1, 5 / XLOOKUP($C$3, $B$13:$B$24, $K$13:$K$24)), 0),0)} -> 0 | H3: {=IFERROR(XLOOKUP($C$3, $B$13:$B$24, H$13:H$24) *IFERROR( MIN(1, 10 / XLOOKUP($C$3, $B$13:$B$24, $K$13:$K$24)), 0),0)} -> 0 | N3: 블랙탄 포메라니안 | O3: 궁극의 응원S | P3: 공584 강1095
B4: 일반스킬 | C4: 그 외 | N4: 갈색 포메라니안 | O4: 궁극의 응원SS | P4: 공584 광1095
B5: 일반스킬 | C5: 그 외 | N5: 연회색 라쿤 | O5: 무옵 | P5: 연1095 치1095
B6: 일반스킬 | C6: 그 외 | N6: 까만 아기 늑대 | O6: 브레이크 하울링SS | P6: 공584 스위1095
N7: 흰 아기 올빼미 | O7: 쾌속의 날갯짓SS | P7: 공584 추1095
B8: '펫'시트는 DPS에 유의미한 스킬을 계산하기 위함입니다. 펫이 넘어지는 것은 반영되지않음 (빙결, 화상트리거류 제외) 펫의 동행능력치는 '종합'시트에서 직접 반영하여 입력 하셔야합니다. | N8: 흰 햄스터 | O8: 작은 동반자의 응원S | P8: 연1095 브1095
N9: 골든 햄스터 | O9: 작은 동반자의 응원SS | P9: 스위1095 빠스1095
N10: 연갈색 시추 | O10: 무옵 | P10: 치1095 추1095
K12: 쿨감이후
B13: 궁극의 응원 | C13: 플레이어의 궁극기 게이지 충전 | E13: 0.06 | I13: 40 | J13: 초 | K13: =I13*(1-$D$3) -> 40 | L13: 초
B14: 궁극의 응원S | C14: 플레이어의 궁극기 게이지 충전 | E14: 0.08 | I14: 40 | J14: 초 | K14: =I14*(1-$D$3) -> 40 | L14: 초
B15: 궁극의 응원SS | C15: 플레이어의 궁극기 게이지 충전 | E15: 0.1 | I15: 40 | J15: 초 | K15: =I15*(1-$D$3) -> 40 | L15: 초
B16: 브레이크 하울링 | C16: 6초 동안 무방비 대미지 증가 | F16: 0.02 | I16: 8 | J16: 초 | K16: =I16*(1-$D$3) -> 8 | L16: 초
B17: 브레이크 하울링S | C17: 6초 동안 무방비 대미지 증가 | F17: 0.03 | I17: 8 | J17: 초 | K17: =I17*(1-$D$3) -> 8 | L17: 초
B18: 브레이크 하울링SS | C18: 6초 동안 무방비 대미지 증가 | F18: 0.04 | I18: 8 | J18: 초 | K18: =I18*(1-$D$3) -> 8 | L18: 초
B19: 쾌속의 날갯짓 | C19: 5초 동안 스킬 , 공격속도 증가 | G19: 0.1 | I19: 30 | J19: 초 | K19: =I19*(1-$D$3) -> 30 | L19: 초
B20: 쾌속의 날갯짓S | C20: 5초 동안 스킬 , 공격속도 증가 | G20: 0.12 | I20: 30 | J20: 초 | K20: =I20*(1-$D$3) -> 30 | L20: 초
B21: 쾌속의 날갯짓SS | C21: 5초 동안 스킬 , 공격속도 증가 | G21: 0.15 | I21: 30 | J21: 초 | K21: =I21*(1-$D$3) -> 30 | L21: 초
B22: 작은 동반자의 응원 | C22: 10초동안 강타대미지 증가 | H22: 0.08 | I22: 50 | J22: 초 | K22: =I22*(1-$D$3) -> 50 | L22: 초
B23: 작은 동반자의 응원S | C23: 10초동안 강타대미지 증가 | H23: 0.09 | I23: 50 | J23: 초 | K23: =I23*(1-$D$3) -> 50 | L23: 초
B24: 작은 동반자의 응원SS | C24: 10초동안 강타대미지 증가 | H24: 0.1 | I24: 50 | J24: 초 | K24: =I24*(1-$D$3) -> 50 | L24: 초

Sheet 보석
B1: 헬리오 | C1: 그린헬리 | D1: 생존 뎀증 | E1: 방해 뎀증 | F1: 강타 뎀증 | G1: 보조 뎀증 | H1: 이동 뎀증 | I1: 연타 뎀증 | J1: 소환 뎀증 | K1: 원소 뎀증 | L1: 생존 쿨감 | M1: 방해 쿨감 | N1: 강타 쿨감 | O1: 보조 쿨감 | P1: 이동 쿨감 | Q1: 연타 쿨감 | R1: 소환 쿨감 | S1: 원소 쿨감
A2: 무기 | F2: 2.1 | H2: 2.1 | N2: 0.7 | T2: =IF((IF(B2, 3, 0) + IF(C2, 3, 0) + COUNTA(D2:S2)) > 3, "확인요망", "")
F3: 2.1 | H3: 2.1 | N3: 0.7 | T3: =IF((IF(B3, 3, 0) + IF(C3, 3, 0) + COUNTA(D3:S3)) > 3, "확인요망", "")
F4: 2.1 | H4: 2.1 | N4: 0.7 | T4: =IF((IF(B4, 3, 0) + IF(C4, 3, 0) + COUNTA(D4:S4)) > 3, "확인요망", "")
A5: 목걸이 | F5: 2.2 | H5: 2.2 | N5: 0.75 | T5: =IF((IF(B5, 3, 0) + IF(C5, 3, 0) + COUNTA(D5:S5)) > 3, "확인요망", "")
A6: 반지 | F6: 2.2 | H6: 2.2 | P6: 0.75 | T6: =IF((IF(B6, 3, 0) + IF(C6, 3, 0) + COUNTA(D6:S6)) > 3, "확인요망", "")
A7: 반지 | F7: 2.1 | H7: 2.1 | P7: 0.7 | T7: =IF((IF(B7, 3, 0) + IF(C7, 3, 0) + COUNTA(D7:S7)) > 3, "확인요망", "")
A8: 엠블럼 | F8: 2.1 | H8: 2.1 | P8: 0.7 | T8: =IF((IF(B8, 3, 0) + IF(C8, 3, 0) + COUNTA(D8:S8)) > 3, "확인요망", "")
A9: 모자 | F9: 2.1 | H9: 2.1 | P9: 0.7 | T9: =IF((IF(B9, 3, 0) + IF(C9, 3, 0) + COUNTA(D9:S9)) > 3, "확인요망", "")
F10: 2.1 | H10: 2.1 | P10: 0.7 | T10: =IF((IF(B10, 3, 0) + IF(C10, 3, 0) + COUNTA(D10:S10)) > 3, "확인요망", "")
F11: 2.1 | H11: 2.1 | P11: 0.7 | T11: =IF((IF(B11, 3, 0) + IF(C11, 3, 0) + COUNTA(D11:S11)) > 3, "확인요망", "")
A12: 상의 | F12: 2.2 | H12: 2.2 | O12: 0.75 | T12: =IF((IF(B12, 3, 0) + IF(C12, 3, 0) + COUNTA(D12:S12)) > 3, "확인요망", "")
F13: 2.2 | H13: 2.2 | I13: 2.2 | T13: =IF((IF(B13, 3, 0) + IF(C13, 3, 0) + COUNTA(D13:S13)) > 3, "확인요망", "")
F14: 2.2 | H14: 2.2 | J14: 2.2 | T14: =IF((IF(B14, 3, 0) + IF(C14, 3, 0) + COUNTA(D14:S14)) > 3, "확인요망", "")
A15: 하의 | F15: 2.1 | H15: 2.1 | I15: 2.1 | T15: =IF((IF(B15, 3, 0) + IF(C15, 3, 0) + COUNTA(D15:S15)) > 3, "확인요망", "")
F16: 2.2 | H16: 2.2 | I16: 2.2 | T16: =IF((IF(B16, 3, 0) + IF(C16, 3, 0) + COUNTA(D16:S16)) > 3, "확인요망", "")
F17: 2.2 | H17: 2.2 | K17: 2.2 | T17: =IF((IF(B17, 3, 0) + IF(C17, 3, 0) + COUNTA(D17:S17)) > 3, "확인요망", "")
A18: 장갑 | F18: 2.2 | H18: 2.2 | S18: 0.75 | T18: =IF((IF(B18, 3, 0) + IF(C18, 3, 0) + COUNTA(D18:S18)) > 3, "확인요망", "")
F19: 2.2 | H19: 2.2 | R19: 0.75 | T19: =IF((IF(B19, 3, 0) + IF(C19, 3, 0) + COUNTA(D19:S19)) > 3, "확인요망", "")
E20: 2.1 | F20: 2.1 | H20: 2.1 | T20: =IF((IF(B20, 3, 0) + IF(C20, 3, 0) + COUNTA(D20:S20)) > 3, "확인요망", "")
A21: 신발 | F21: 2.1 | H21: 2.1 | R21: 0.7 | T21: =IF((IF(B21, 3, 0) + IF(C21, 3, 0) + COUNTA(D21:S21)) > 3, "확인요망", "")
F22: 2.1 | H22: 2.1 | R22: 0.7 | T22: =IF((IF(B22, 3, 0) + IF(C22, 3, 0) + COUNTA(D22:S22)) > 3, "확인요망", "")
F23: 2.1 | G23: 2.1 | H23: 2.1 | T23: =IF((IF(B23, 3, 0) + IF(C23, 3, 0) + COUNTA(D23:S23)) > 3, "확인요망", "")
A25: 합계 | B25: =MAX(B2:B23)/100 -> 0 | C25: =MAX(C2:C23)/100 -> 0 | D25: =SUM(D2:D23)/100+$C$25 -> 0 | E25: =SUM(E2:E23)/100+$C$25 -> 0.021 | F25: =SUM(F2:F23)/100+$C$25 -> 0.471 | G25: =SUM(G2:G23)/100+$C$25 -> 0.021 | H25: =SUM(H2:H23)/100+$C$25 -> 0.471 | I25: =SUM(I2:I23)/100+$C$25 -> 0.065 | J25: =SUM(J2:J23)/100+$C$25 -> 0.022 | K25: =SUM(K2:K23)/100+$C$25 -> 0.022 | L25: =SUM(L2:L23)/100 -> 0 | M25: =SUM(M2:M23)/100 -> 0 | N25: =SUM(N2:N23)/100 -> 0.0285 | O25: =SUM(O2:O23)/100 -> 0.0075 | P25: =SUM(P2:P23)/100 -> 0.0425 | Q25: =SUM(Q2:Q23)/100 -> 0 | R25: =SUM(R2:R23)/100 -> 0.0215 | S25: =SUM(S2:S23)/100 -> 0.0075 | T25: =IF(COUNTIF(T2:T23, "확인요망")>0, "확인요망", "")
M27: 예상 DPS | P27: ='종합'!K44 -> 3463303.9

Sheet 무기룬
A1: 무기 룬 | B1: 사용여부 | C1: 가동률 | D1: 공증 | E1: 조건공증 | F1: 주피증 | G1: 받피증 | H1: 강타 | I1: 연타 | J1: 추피 | K1: 치피 | L1: 콤보피증 | M1: 멀티피증 | N1: 스킬피증 | O1: 추확 | P1: 치확 | Q1: 캐속 | R1: 무방 | S1: 재속 | T1: 스속 | U1: 공속 | V1: 공추 | W1: 궁획 | X1: 피해 | Y1: 지속피해 | Z1: 이속 | AA1: 특이사항 | AC1: 연타가동률
A2: 천 자루 검 | B2: =IF(COUNTIF('종합'!$B$11:$G$15, A2) > 0, TRUE, "") | C2: 1 | D2: 0.24
A3: 불길 | B3: =IF(COUNTIF('종합'!$B$11:$G$15, A3) > 0, TRUE, "") | C3: 1 | P3: {=0.18+IF(SUMPRODUCT(('종합'!$B$11:$G$15=INDIRECT("A"&ROW())) * ('종합'!$C$11:$H$15="초월+")), 0.02, 0)+IF(SUMPRODUCT(('종합'!$B$11:$G$15=INDIRECT("A"&ROW())) * ('종합'!$C$11:$H$15="초월++")), 0.04, 0)} -> 0.18 | Y3: =3.6/(10/C3) -> 0.36 | AC3: 0.4
A4: 결정 | B4: =IF(COUNTIF('종합'!$B$11:$G$15, A4) > 0, TRUE, "") | C4: 1 | O4: {=0.18+IF(SUMPRODUCT(('종합'!$B$11:$G$15=INDIRECT("A"&ROW())) * ('종합'!$C$11:$H$15="초월+")), 0.02, 0)+IF(SUMPRODUCT(('종합'!$B$11:$G$15=INDIRECT("A"&ROW())) * ('종합'!$C$11:$H$15="초월++")), 0.04, 0)} -> 0.18 | Y4: =3.6/(10/C4) -> 0.36 | AC4: 0.4
A5: 뇌명 | B5: =IF(COUNTIF('종합'!$B$11:$G$15, A5) > 0, TRUE, "") | C5: 1 | H5: {=0.2+IF(SUMPRODUCT(('종합'!$B$11:$G$15=INDIRECT("A"&ROW())) * ('종합'!$C$11:$H$15="초월+")), 0.02, 0)+IF(SUMPRODUCT(('종합'!$B$11:$G$15=INDIRECT("A"&ROW())) * ('종합'!$C$11:$H$15="초월++")), 0.04, 0)} -> 0.2 | Y5: =3.6/(10/C5) -> 0.36 | AC5: 0.4
A6: 독사+ | B6: =IF(COUNTIF('종합'!$B$11:$G$15, A6) > 0, TRUE, "") | C6: 1 | I6: {=0.2+IF(SUMPRODUCT(('종합'!$B$11:$G$15=INDIRECT("A"&ROW())) * ('종합'!$C$11:$H$15="초월+")), 0.02, 0)+IF(SUMPRODUCT(('종합'!$B$11:$G$15=INDIRECT("A"&ROW())) * ('종합'!$C$11:$H$15="초월++")), 0.04, 0)} -> 0.2 | Y6: =3.6/(10/C6) -> 0.36 | AC6: 0.4
A7: 공포 | B7: =IF(COUNTIF('종합'!$B$11:$G$15, A7) > 0, TRUE, "") | C7: 1 | K7: {=0.18+IF(SUMPRODUCT(('종합'!$B$11:$G$15=INDIRECT("A"&ROW())) * ('종합'!$C$11:$H$15="초월+")), 0.02, 0)+IF(SUMPRODUCT(('종합'!$B$11:$G$15=INDIRECT("A"&ROW())) * ('종합'!$C$11:$H$15="초월++")), 0.04, 0)} -> 0.18 | Y7: =3.6/(10/C7) -> 0.36 | AC7: 0.4
A8: 집행자 | B8: =IF(COUNTIF('종합'!$B$11:$G$15, A8) > 0, TRUE, "") | C8: 1 | F8: {=0.1+IF(SUMPRODUCT(('종합'!$B$11:$G$15=INDIRECT("A"&ROW())) * ('종합'!$C$11:$H$15="초월+")), 0.02, 0)+IF(SUMPRODUCT(('종합'!$B$11:$G$15=INDIRECT("A"&ROW())) * ('종합'!$C$11:$H$15="초월++")), 0.04, 0)} -> 0.1 | Y8: =3.6/(10/C8) -> 0.36 | AC8: 0.4
A9: 야수+ | B9: =IF(COUNTIF('종합'!$B$11:$G$15, A9) > 0, TRUE, "") | C9: 1 | F9: {=0.2+IF(SUMPRODUCT(('종합'!$B$11:$G$15=INDIRECT("A"&ROW())) * ('종합'!$C$11:$H$15="초월+")), 0.02, 0)+IF(SUMPRODUCT(('종합'!$B$11:$G$15=INDIRECT("A"&ROW())) * ('종합'!$C$11:$H$15="초월++")), 0.04, 0)} -> 0.2 | Y9: =3.6/(10/C9) -> 0.36 | AC9: 0.4
A10: 밤+ | B10: =IF(COUNTIF('종합'!$B$11:$G$15, A10) > 0, TRUE, "") | C10: 1 | D10: {=0.2+IF(SUMPRODUCT(('종합'!$B$11:$G$15=INDIRECT("A"&ROW())) * ('종합'!$C$11:$H$15="초월+")), 0.02, 0)+IF(SUMPRODUCT(('종합'!$B$11:$G$15=INDIRECT("A"&ROW())) * ('종합'!$C$11:$H$15="초월++")), 0.04, 0)} -> 0.2 | Y10: =3.6/(10/C10) -> 0.36 | AC10: 0.4
A11: 투사+ | B11: =IF(COUNTIF('종합'!$B$11:$G$15, A11) > 0, TRUE, "") | C11: 1 | F11: {=0.33+IF(SUMPRODUCT(('종합'!$B$11:$G$15=INDIRECT("A"&ROW())) * ('종합'!$C$11:$H$15="초월+")), 0.02, 0)+IF(SUMPRODUCT(('종합'!$B$11:$G$15=INDIRECT("A"&ROW())) * ('종합'!$C$11:$H$15="초월++")), 0.04, 0)} -> 0.33 | M11: {=IF('방어구룬'!B68, 0, -0.1+IF(SUMPRODUCT(('종합'!$B$11:$G$15=INDIRECT("A"&ROW())) * ('종합'!$C$11:$H$15="초월+")), 0.02, 0)+IF(SUMPRODUCT(('종합'!$B$11:$G$15=INDIRECT("A"&ROW())) * ('종합'!$C$11:$H$15="초월++")), 0.04, 0))} -> -0.1 | AA11: 결함
A12: 은둔자+ | B12: =IF(COUNTIF('종합'!$B$11:$G$15, A12) > 0, TRUE, "") | C12: 1 | D12: {=0.33+IF(SUMPRODUCT(('종합'!$B$11:$G$15=INDIRECT("A"&ROW())) * ('종합'!$C$11:$H$15="초월+")), 0.015, 0)+IF(SUMPRODUCT(('종합'!$B$11:$G$15=INDIRECT("A"&ROW())) * ('종합'!$C$11:$H$15="초월++")), 0.03, 0)} -> 0.33 | S12: {=IF('방어구룬'!B68, 0, -0.09+IF(SUMPRODUCT(('종합'!$B$11:$G$15=INDIRECT("A"&ROW())) * ('종합'!$C$11:$H$15="초월+")), 0.02, 0)+IF(SUMPRODUCT(('종합'!$B$11:$G$15=INDIRECT("A"&ROW())) * ('종합'!$C$11:$H$15="초월++")), 0.04, 0))} -> -0.09 | AA12: 결함
A13: 망각+ | B13: =IF(COUNTIF('종합'!$B$11:$G$15, A13) > 0, TRUE, "") -> TRUE | C13: 1 | D13: {=0.19+IF(SUMPRODUCT(('종합'!$B$11:$G$15=INDIRECT("A"&ROW())) * ('종합'!$C$11:$H$15="초월+")), 0.02, 0)+IF(SUMPRODUCT(('종합'!$B$11:$G$15=INDIRECT("A"&ROW())) * ('종합'!$C$11:$H$15="초월++")), 0.04, 0)} -> 0.23 | AA13: 평타쿨감9%
A14: 망각(에픽) | B14: =IF(COUNTIF('종합'!$B$11:$G$15, A14) > 0, TRUE, "") | C14: 1 | D14: 0.11 | AA14: 평타쿨감8%
A15: 서리바람+ | B15: =IF(COUNTIF('종합'!$B$11:$G$15, A15) > 0, TRUE, "") | C15: 1 | D15: {=0.2+IF(SUMPRODUCT(('종합'!$B$11:$G$15=INDIRECT("A"&ROW())) * ('종합'!$C$11:$H$15="초월+")), 0.02, 0)+IF(SUMPRODUCT(('종합'!$B$11:$G$15=INDIRECT("A"&ROW())) * ('종합'!$C$11:$H$15="초월++")), 0.04, 0)} -> 0.2 | Q15: 0.25
A16: 옛 마법사 | B16: =IF(COUNTIF('종합'!$B$11:$G$15, A16) > 0, TRUE, "") | C16: 1 | F16: {=IF('방어구룬'!B68, 0, -0.1+IF(SUMPRODUCT(('종합'!$B$11:$G$15=INDIRECT("A"&ROW())) * ('종합'!$C$11:$H$15="초월+")), 0.02, 0)+IF(SUMPRODUCT(('종합'!$B$11:$G$15=INDIRECT("A"&ROW())) * ('종합'!$C$11:$H$15="초월++")), 0.04, 0))} -> -0.1 | S16: {=0.29+IF(SUMPRODUCT(('종합'!$B$11:$G$15=INDIRECT("A"&ROW())) * ('종합'!$C$11:$H$15="초월+")), 0.02, 0)+IF(SUMPRODUCT(('종합'!$B$11:$G$15=INDIRECT("A"&ROW())) * ('종합'!$C$11:$H$15="초월++")), 0.04, 0)} -> 0.29
A17: 물결치는 날 | B17: =IF(COUNTIF('종합'!$B$11:$G$15, A17) > 0, TRUE, "") | C17: 1 | U17: 0.1 | AA17: 평타1.52피해 | AB17: {=1.52+IF(SUMPRODUCT(('종합'!$B$11:$G$15=INDIRECT("A"&ROW())) * ('종합'!$C$11:$H$15="초월+")), 0.11, 0)+IF(SUMPRODUCT(('종합'!$B$11:$G$15=INDIRECT("A"&ROW())) * ('종합'!$C$11:$H$15="초월++")), 0.21, 0)} -> 1.52
A18: 파괴자+ | B18: =IF(COUNTIF('종합'!$B$11:$G$15, A18) > 0, TRUE, "") | C18: 1 | D18: {=0.18+IF(SUMPRODUCT(('종합'!$B$11:$G$15=INDIRECT("A"&ROW())) * ('종합'!$C$11:$H$15="초월+")), 0.02, 0)+IF(SUMPRODUCT(('종합'!$B$11:$G$15=INDIRECT("A"&ROW())) * ('종합'!$C$11:$H$15="초월++")), 0.04, 0)} -> 0.18 | R18: 0.48
A19: 검무+ | B19: =IF(COUNTIF('종합'!$B$11:$G$15, A19) > 0, TRUE, "") | C19: =IF('종합'!C3<=0, 0, LET( R, ('종합'!K39 + '종합'!K40), T, '종합'!C3, D, 10, M, 10, IF(R<=0, 0, LET( SPS, IF('방어구룬'!B49=TRUE, R * 2, R), SSS, MIN(SPS * D, M), T_ramp, SSS / SPS, IF(T <= T_ramp, 0.5 * SPS * T, (SSS * (T - 0.5 * T_ramp)) / T ) )) ))/10 -> 0.88792361 | E19: {=(0.2+IF(SUMPRODUCT(('종합'!$B$11:$G$15=INDIRECT("A"&ROW())) * ('종합'!$C$11:$H$15="초월+")), 0.02, 0)+IF(SUMPRODUCT(('종합'!$B$11:$G$15=INDIRECT("A"&ROW())) * ('종합'!$C$11:$H$15="초월++")), 0.04, 0))*C19} -> 0.17758472 | P19: =0.1*C19 -> 0.088792361 | AA19: 누적
A20: 무수한 궤적 | B20: =IF(COUNTIF('종합'!$B$11:$G$15, A20) > 0, TRUE, "") | C20: 1 | D20: {=0.17+IF(SUMPRODUCT(('종합'!$B$11:$G$15=INDIRECT("A"&ROW())) * ('종합'!$C$11:$H$15="초월+")), 0.02, 0)+IF(SUMPRODUCT(('종합'!$B$11:$G$15=INDIRECT("A"&ROW())) * ('종합'!$C$11:$H$15="초월++")), 0.04, 0)} -> 0.17 | U20: 0.3 | V20: 0.3
A21: 마지막 자비 | B21: =IF(COUNTIF('종합'!$B$11:$G$15, A21) > 0, TRUE, "") | C21: 0.6 | D21: {=0.2+IF(SUMPRODUCT(('종합'!$B$11:$G$15=INDIRECT("A"&ROW())) * ('종합'!$C$11:$H$15="초월+")), 0.02, 0)+IF(SUMPRODUCT(('종합'!$B$11:$G$15=INDIRECT("A"&ROW())) * ('종합'!$C$11:$H$15="초월++")), 0.04, 0)} -> 0.2 | E21: =0.2*C21 -> 0.12
A22: 끝없는 순환 | B22: =IF(COUNTIF('종합'!$B$11:$G$15, A22) > 0, TRUE, "") | C22: 1
A23: 종언+ | B23: =IF(COUNTIF('종합'!$B$11:$G$15, A23) > 0, TRUE, "") | C23: 0.1 | D23: {=0.24+IF(SUMPRODUCT(('종합'!$B$11:$G$15=INDIRECT("A"&ROW())) * ('종합'!$C$11:$H$15="초월+")), 0.02, 0)+IF(SUMPRODUCT(('종합'!$B$11:$G$15=INDIRECT("A"&ROW())) * ('종합'!$C$11:$H$15="초월++")), 0.04, 0)} -> 0.24 | E23: =0.2*C23 -> 0.02 | AA23: 쫄한정
A24: 영웅 | B24: =IF(COUNTIF('종합'!$B$11:$G$15, A24) > 0, TRUE, "") | C24: 1 | D24: {=0.043+IF(SUMPRODUCT(('종합'!$B$11:$G$15=INDIRECT("A"&ROW())) * ('종합'!$C$11:$H$15="초월+")), 0.02, 0)+IF(SUMPRODUCT(('종합'!$B$11:$G$15=INDIRECT("A"&ROW())) * ('종합'!$C$11:$H$15="초월++")), 0.04, 0)} -> 0.043 | H24: 0.043 | I24: 0.043 | K24: 0.043 | L24: 0.043 | M24: 0.043 | N24: 0.043
A25: 만 갈래 물길 | B25: =IF(COUNTIF('종합'!$B$11:$G$15, A25) > 0, TRUE, "") | C25: 1 | D25: 0.35 | AA25: 무기룬에서 수치입력
A26: 흰 까마귀 | B26: =IF(COUNTIF('종합'!$B$11:$G$15, A26) > 0, TRUE, "") | C26: 15 | E26: =if(C26>14,0.07,0) -> 0.07 | F26: =if(C26>9,0.07,0) -> 0.07 | Q26: 0.1 | S26: 0.1 | T26: 0.1 | U26: 0.1 | Z26: 0.1 | AA26: 무기룬에서 강화입력
A27: 메아리치는 진노 | B27: =IF(COUNTIF('종합'!$B$11:$G$15, A27) > 0, TRUE, "") | C27: 15 | D27: 0.05 | E27: =if(C27>9,0.03,0)+if(C27>14,0.03,0) -> 0.06 | X27: =1.1/4 -> 0.275 | Y27: =0.35/4 -> 0.0875 | AA27: 광역속성피해
A28: 무한 | B28: =IF(COUNTIF('종합'!$B$11:$G$15, A28) > 0, TRUE, "") | C28: 1 | D28: 0.2 | U28: 0.12 | AA28: 평타쿨감9%
A29: 빈값 | B29: =IF(COUNTIF('종합'!$B$11:$G$15, A29) > 0, TRUE, "")
A30: 폭군 | B30: =IF(COUNTIF('종합'!$B$11:$G$15, A30) > 0, TRUE, "") | K30: {=LET( 전투시간, '종합'!C3, 치확, '종합'!K17, 공속, ('종합'!K39 + '종합'!K40) * 1.5, 룬효과, '방어구룬'!B68, 순변화량, 1 - (공속 * 치확), 평균중첩, IF(OR(룬효과, 순변화량 >= 0), 10, LET( 소모시간, -10 / 순변화량, IF(전투시간 <= 소모시간, (10 + (10 + 순변화량 * 전투시간)) / 2, (5 * 소모시간) / 전투시간 ) ) ), 평균중첩 * (0.035 + IF(SUMPRODUCT(('종합'!$B$11:$G$15=INDIRECT("A"&ROW())) * ('종합'!$C$11:$H$15="초월+")), 0.003, 0) + IF(SUMPRODUCT(('종합'!$B$11:$G$15=INDIRECT("A"&ROW())) * ('종합'!$C$11:$H$15="초월++")), 0.005, 0) ) )} -> 0.35
A31: 천체 정렬 | B31: =IF(COUNTIF('종합'!$B$11:$G$15, A31) > 0, TRUE, "") | E31: {=LET( 전투시간, '종합'!C3, 룬적용, '방어구룬'!B49, 시작중첩, IF(룬적용, 4, 2), 증가량, IF(룬적용, 2, 1), 상승1, (6 - 시작중첩) / 증가량 * 10, 주기1, 상승1 + 20, 상승2, 60 / 증가량, 주기2, 상승2 + 20, 면적1상승, 10 * ((상승1 / 10) * 시작중첩 + 증가량 * (상승1 / 10) * (상승1 / 10 - 1) / 2), 면적1전체, 면적1상승 + 120, 면적2상승, 10 * (증가량 * (상승2 / 10) * (상승2 / 10 - 1) / 2), 면적2전체, 면적2상승 + 120, 누적면적, IF(전투시간 <= 주기1, IF(전투시간 <= 상승1, LET(n, QUOTIENT(전투시간, 10), (10 * (n * 시작중첩 + 증가량 * n * (n - 1) / 2)) + (시작중첩 + n * 증가량) * MOD(전투시간, 10)), 면적1상승 + 6 * (전투시간 - 상승1) ), 면적1전체 + QUOTIENT(전투시간 - 주기1, 주기2) * 면적2전체 + LET(남은시간, MOD(전투시간 - 주기1, 주기2), IF(남은시간 <= 상승2, LET(m, QUOTIENT(남은시간, 10), (10 * (증가량 * m * (m - 1) / 2)) + (m * 증가량) * MOD(남은시간, 10)), 면적2상승 + 6 * (남은시간 - 상승2) ) ) ), 보너스, IF(SUMPRODUCT(('종합'!$B$11:$G$15=INDIRECT("A"&ROW())) * ('종합'!$C$11:$H$15="초월+")), 0.002, 0) + IF(SUMPRODUCT(('종합'!$B$11:$G$15=INDIRECT("A"&ROW())) * ('종합'!$C$11:$H$15="초월++")), 0.004, 0), IFERROR(누적면적 / 전투시간, 시작중첩) * (0.03 + 보너스) )} -> 0.1025 | F31: {=LET( 전투시간, '종합'!C3, 룬적용, '방어구룬'!B49, 시작중첩, IF(룬적용, 4, 2), 증가량, IF(룬적용, 2, 1), 상승1, (6 - 시작중첩) / 증가량 * 10, 주기1, 상승1 + 20, 상승2, 60 / 증가량, 주기2, 상승2 + 20, 면적1상승, 10 * ((상승1 / 10) * 시작중첩 + 증가량 * (상승1 / 10) * (상승1 / 10 - 1) / 2), 면적1전체, 면적1상승 + 120, 면적2상승, 10 * (증가량 * (상승2 / 10) * (상승2 / 10 - 1) / 2), 면적2전체, 면적2상승 + 120, 누적면적, IF(전투시간 <= 주기1, IF(전투시간 <= 상승1, LET(n, QUOTIENT(전투시간, 10), (10 * (n * 시작중첩 + 증가량 * n * (n - 1) / 2)) + (시작중첩 + n * 증가량) * MOD(전투시간, 10)), 면적1상승 + 6 * (전투시간 - 상승1) ), 면적1전체 + QUOTIENT(전투시간 - 주기1, 주기2) * 면적2전체 + LET(남은시간, MOD(전투시간 - 주기1, 주기2), IF(남은시간 <= 상승2, LET(m, QUOTIENT(남은시간, 10), (10 * (증가량 * m * (m - 1) / 2)) + (m * 증가량) * MOD(남은시간, 10)), 면적2상승 + 6 * (남은시간 - 상승2) ) ) ), 보너스, IF(SUMPRODUCT(('종합'!$B$11:$G$15=INDIRECT("A"&ROW())) * ('종합'!$C$11:$H$15="초월+")), 0.002, 0) + IF(SUMPRODUCT(('종합'!$B$11:$G$15=INDIRECT("A"&ROW())) * ('종합'!$C$11:$H$15="초월++")), 0.004, 0), IFERROR(누적면적 / 전투시간, 시작중첩) * (0.03 + 보너스) )} -> 0.1025 | AA31: =LET( 전투시간, '종합'!C3, 룬적용, '방어구룬'!B49, 상승시간1, IF(룬적용, 10, 40), 주기1, 상승시간1 + 20, 상승시간2, IF(룬적용, 30, 60), 주기2, 상승시간2 + 20, IF(전투시간 < 상승시간1, 0, 1 + INT(MAX(0, 전투시간 - 주기1) / 주기2) ) ) -> 1 | AB31: =LET( 전투시간, '종합'!C3, 룬적용, '방어구룬'!B49, 최대횟수, '무기룬'!AA31, 상승1, IF(룬적용, 10, 40), 주기1, 상승1 + 20, 상승2, IF(룬적용, 30, 60), 주기2, 상승2 + 20, 마지막_활성시점, IF(최대횟수 <= 1, 상승1, 주기1 + (최대횟수 - 2) * 주기2 + 상승2), 마지막_유지분, IF(최대횟수 < 1, 0, MAX(0, MIN(20, 전투시간 - 마지막_활성시점))), 총_활성시간, IF(최대횟수 < 1, 0, (MAX(0, 최대횟수 - 1) * 20) + 마지막_유지분), IFERROR((총_활성시간 / 전투시간) * 0.2, 0) ) -> 0.033333333
AF38: 3982 | AH38: 4380 | AI38: 1393
AH39: =AH38/AF38 -> 1.0999498 | AI39: =AI38/AF38 -> 0.34982421
AH42: =AH39+AI39 -> 1.449774
AB65: 0.3 | AC65: 0.3
AB70: 0.02 | AC70: 0.02

Sheet 방어구룬
A1: 방어구 룬 | B1: 사용여부 | C1: 가동률 | D1: 공증 | E1: 조건공증 | F1: 주피증 | G1: 받피증 | H1: 강타 | I1: 연타 | J1: 추피 | K1: 치피 | L1: 콤보피증 | M1: 멀티피증 | N1: 스킬피증 | O1: 추확 | P1: 치확 | Q1: 캐속 | R1: 무방 | S1: 재속 | T1: 스속 | U1: 공속 | V1: 공추 | W1: 궁획 | X1: 피해 | Y1: 지속피해 | Z1: 이속 | AA1: 특이사항 | AC1: 연타가동률
A2: 횃불 | B2: =IF(COUNTIF('종합'!$B$11:$G$15, A2) > 0, TRUE, "") | C2: 1 | P2: 0.1
A3: 쇄빙 | B3: =IF(COUNTIF('종합'!$B$11:$G$15, A3) > 0, TRUE, "") | C3: 1 | O3: 0.1
A4: 마나 격류 | B4: =IF(COUNTIF('종합'!$B$11:$G$15, A4) > 0, TRUE, "") | C4: 1 | E4: 0.14
A5: 바위거인 | B5: =IF(COUNTIF('종합'!$B$11:$G$15, A5) > 0, TRUE, "") | C5: 0.7 | E5: =0.2*C5 -> 0.14
A6: 평원 방랑자 | B6: =IF(COUNTIF('종합'!$B$11:$G$15, A6) > 0, TRUE, "") | C6: 1 | F6: 0.12 | Z6: 0.3
A7: 파멸의 낙인 | B7: =IF(COUNTIF('종합'!$B$11:$G$15, A7) > 0, TRUE, "") | C7: 1 | X7: =if(B8, 0.162,0.144) -> 0.144
A8: 공명하는 수정 | B8: =IF(COUNTIF('종합'!$B$11:$G$15, A8) > 0, TRUE, "") | C8: 1 | F8: =if(B7, 0.168,0.1292) -> 0.1292
A9: 여명+ | B9: =IF(COUNTIF('종합'!$B$11:$G$15, A9) > 0, TRUE, "") | C9: =min(('종합'!K39)*if('방어구룬'!B49=true,10/6,10/3),1) -> 1 | E9: {=(0.21+IF(SUMPRODUCT(('종합'!$B$11:$G$15=INDIRECT("A"&ROW())) * ('종합'!$C$11:$H$15="초월+")), 0.018, 0)+IF(SUMPRODUCT(('종합'!$B$11:$G$15=INDIRECT("A"&ROW())) * ('종합'!$C$11:$H$15="초월++")), 0.03, 0))*C9} -> 0.21
A10: 황혼 | B10: =IF(COUNTIF('종합'!$B$11:$G$15, A10) > 0, TRUE, "") | C10: =IF('방어구룬'!B49=TRUE, MIN(('종합'!K39+'종합'!I40)*16, 16), MIN(('종합'!K39+'종합'!I40)*8, 16)) -> 4.8455762 | F10: {=(0.014+IF(SUMPRODUCT(('종합'!$B$11:$G$15=INDIRECT("A"&ROW())) * ('종합'!$C$11:$H$15="초월+")), 0.002, 0)+IF(SUMPRODUCT(('종합'!$B$11:$G$15=INDIRECT("A"&ROW())) * ('종합'!$C$11:$H$15="초월++")), 0.003, 0))*C10} -> 0.067838067
A11: 바위 감시자 | B11: =IF(COUNTIF('종합'!$B$11:$G$15, A11) > 0, TRUE, "") | C11: =MIN(6*IF('방어구룬'!B55=TRUE, ('종합'!K39+'종합'!K40)*2, ('종합'!K39+'종합'!K40))/7, 1) -> 0.7941677 | E11: {=C11*(0.22+IF(SUMPRODUCT(('종합'!$B$11:$G$15=INDIRECT("A"&ROW())) * ('종합'!$C$11:$H$15="초월+")), 0.02, 0)+IF(SUMPRODUCT(('종합'!$B$11:$G$15=INDIRECT("A"&ROW())) * ('종합'!$C$11:$H$15="초월++")), 0.04, 0))} -> 0.17471689
A12: 쇄도+ | B12: =IF(COUNTIF('종합'!$B$11:$G$15, A12) > 0, TRUE, "") | C12: 1 | Q12: {=0.2+IF(SUMPRODUCT(('종합'!$B$11:$G$15=INDIRECT("A"&ROW())) * ('종합'!$C$11:$H$15="초월+")), 0.02, 0)+IF(SUMPRODUCT(('종합'!$B$11:$G$15=INDIRECT("A"&ROW())) * ('종합'!$C$11:$H$15="초월++")), 0.04, 0)} -> 0.2 | T12: {=0.2+IF(SUMPRODUCT(('종합'!$B$11:$G$15=INDIRECT("A"&ROW())) * ('종합'!$C$11:$H$15="초월+")), 0.02, 0)+IF(SUMPRODUCT(('종합'!$B$11:$G$15=INDIRECT("A"&ROW())) * ('종합'!$C$11:$H$15="초월++")), 0.04, 0)} -> 0.2
A13: 무도가+ | B13: =IF(COUNTIF('종합'!$B$11:$G$15, A13) > 0, TRUE, "") | C13: 1 | D13: {=0.15+IF(SUMPRODUCT(('종합'!$B$11:$G$15=INDIRECT("A"&ROW())) * ('종합'!$C$11:$H$15="초월+")), 0.03, 0)+IF(SUMPRODUCT(('종합'!$B$11:$G$15=INDIRECT("A"&ROW())) * ('종합'!$C$11:$H$15="초월++")), 0.05, 0)} -> 0.15 | W13: 0.2
A14: 해결사+ | B14: =IF(COUNTIF('종합'!$B$11:$G$15, A14) > 0, TRUE, "") | C14: 1 | U14: {=0.3+IF(SUMPRODUCT(('종합'!$B$11:$G$15=INDIRECT("A"&ROW())) * ('종합'!$C$11:$H$15="초월+")), 0.03, 0)+IF(SUMPRODUCT(('종합'!$B$11:$G$15=INDIRECT("A"&ROW())) * ('종합'!$C$11:$H$15="초월++")), 0.06, 0)} -> 0.3 | V14: {=0.3+IF(SUMPRODUCT(('종합'!$B$11:$G$15=INDIRECT("A"&ROW())) * ('종합'!$C$11:$H$15="초월+")), 0.03, 0)+IF(SUMPRODUCT(('종합'!$B$11:$G$15=INDIRECT("A"&ROW())) * ('종합'!$C$11:$H$15="초월++")), 0.06, 0)} -> 0.3
A15: 들불 | B15: =IF(COUNTIF('종합'!$B$11:$G$15, A15) > 0, TRUE, "") | C15: 1 | P15: {=(0.14+IF(SUMPRODUCT(('종합'!$B$11:$G$15=INDIRECT("A"&ROW())) * ('종합'!$C$11:$H$15="초월+")), 0.02, 0)+IF(SUMPRODUCT(('종합'!$B$11:$G$15=INDIRECT("A"&ROW())) * ('종합'!$C$11:$H$15="초월++")), 0.04, 0))*C15} -> 0.14
A16: 설산 | B16: =IF(COUNTIF('종합'!$B$11:$G$15, A16) > 0, TRUE, "") | C16: 1 | O16: {=(0.16+IF(SUMPRODUCT(('종합'!$B$11:$G$15=INDIRECT("A"&ROW())) * ('종합'!$C$11:$H$15="초월+")), 0.02, 0)+IF(SUMPRODUCT(('종합'!$B$11:$G$15=INDIRECT("A"&ROW())) * ('종합'!$C$11:$H$15="초월++")), 0.04, 0))*C16} -> 0.16
A17: 절개+ | B17: =IF(COUNTIF('종합'!$B$11:$G$15, A17) > 0, TRUE, "") | C17: 1 | E17: {=(0.2+IF(SUMPRODUCT(('종합'!$B$11:$G$15=INDIRECT("A"&ROW())) * ('종합'!$C$11:$H$15="초월+")), 0.02, 0)+IF(SUMPRODUCT(('종합'!$B$11:$G$15=INDIRECT("A"&ROW())) * ('종합'!$C$11:$H$15="초월++")), 0.04, 0))*C17} -> 0.2
A18: 환영+ | B18: =IF(COUNTIF('종합'!$B$11:$G$15, A18) > 0, TRUE, "") | C18: 1 | D18: {=0.18+IF(SUMPRODUCT(('종합'!$B$11:$G$15=INDIRECT("A"&ROW())) * ('종합'!$C$11:$H$15="초월+")), 0.02, 0)+IF(SUMPRODUCT(('종합'!$B$11:$G$15=INDIRECT("A"&ROW())) * ('종합'!$C$11:$H$15="초월++")), 0.04, 0)} -> 0.18 | G18: =0.1*C18 -> 0.1 | AA18: 방어구파괴
A19: 황금 들판 | B19: =IF(COUNTIF('종합'!$B$11:$G$15, A19) > 0, TRUE, "") | C19: 1 | D19: {=0.2+IF(SUMPRODUCT(('종합'!$B$11:$G$15=INDIRECT("A"&ROW())) * ('종합'!$C$11:$H$15="초월+")), 0.02, 0)+IF(SUMPRODUCT(('종합'!$B$11:$G$15=INDIRECT("A"&ROW())) * ('종합'!$C$11:$H$15="초월++")), 0.04, 0)} -> 0.2 | E19: =0.2*C19-0.2 -> 0
A20: 모래 폭풍 | B20: =IF(COUNTIF('종합'!$B$11:$G$15, A20) > 0, TRUE, "") | C20: 1 | T20: {=0.1+IF(SUMPRODUCT(('종합'!$B$11:$G$15=INDIRECT("A"&ROW())) * ('종합'!$C$11:$H$15="초월+")), 0.02, 0)+IF(SUMPRODUCT(('종합'!$B$11:$G$15=INDIRECT("A"&ROW())) * ('종합'!$C$11:$H$15="초월++")), 0.04, 0)} -> 0.1 | U20: {=0.1+IF(SUMPRODUCT(('종합'!$B$11:$G$15=INDIRECT("A"&ROW())) * ('종합'!$C$11:$H$15="초월+")), 0.02, 0)+IF(SUMPRODUCT(('종합'!$B$11:$G$15=INDIRECT("A"&ROW())) * ('종합'!$C$11:$H$15="초월++")), 0.04, 0)} -> 0.1 | AA20: 무방비조건
A21: 황폐+ | B21: =IF(COUNTIF('종합'!$B$11:$G$15, A21) > 0, TRUE, "") | C21: 0 | F21: =0.12*C21 -> 0 | O21: =0.07*C21 -> 0
A22: 신성한 칙령 | B22: =IF(COUNTIF('종합'!$B$11:$G$15, A22) > 0, TRUE, "") | C22: 0 | E22: {=(0.15+IF(SUMPRODUCT(('종합'!$B$11:$G$15=INDIRECT("A"&ROW())) * ('종합'!$C$11:$H$15="초월+")), 0.03, 0))*C22} -> 0
A23: 준비된 자 | B23: =IF(COUNTIF('종합'!$B$11:$G$15, A23) > 0, TRUE, "") | C23: 0.5 | E23: {=(0.2+IF(SUMPRODUCT(('종합'!$B$11:$G$15=INDIRECT("A"&ROW())) * ('종합'!$C$11:$H$15="초월+")), 0.02, 0)+IF(SUMPRODUCT(('종합'!$B$11:$G$15=INDIRECT("A"&ROW())) * ('종합'!$C$11:$H$15="초월++")), 0.04, 0))*C23} -> 0.1
A24: 저무는 달 | B24: =IF(COUNTIF('종합'!$B$11:$G$15, A24) > 0, TRUE, "") | C24: =IF('종합'!C3<=0, 0, IF('방어구룬'!B49=TRUE, IF('종합'!C3<=150, (3*FLOOR('종합'!C3/30,1)*(FLOOR('종합'!C3/30,1)-1) + 0.2*MOD('종합'!C3,30)*FLOOR('종합'!C3/30,1))/'종합'!C3, (60 + ('종합'!C3-150))/'종합'!C3), IF('종합'!C3<=300, (1.5*FLOOR('종합'!C3/30,1)*(FLOOR('종합'!C3/30,1)-1) + 0.1*MOD('종합'!C3,30)*FLOOR('종합'!C3/30,1))/'종합'!C3, (135 + ('종합'!C3-300))/'종합'!C3))) -> 0.15 | D24: {=0.06+IF(SUMPRODUCT(('종합'!$B$11:$G$15=INDIRECT("A"&ROW())) * ('종합'!$C$11:$H$15="초월+")), 0.02, 0)+IF(SUMPRODUCT(('종합'!$B$11:$G$15=INDIRECT("A"&ROW())) * ('종합'!$C$11:$H$15="초월++")), 0.04, 0)} -> 0.06 | E24: =0.2*C24 -> 0.03
A25: 땅울림 | B25: =IF(COUNTIF('종합'!$B$11:$G$15, A25) > 0, TRUE, "") | C25: 1 | D25: {=0.08+IF(SUMPRODUCT(('종합'!$B$11:$G$15=INDIRECT("A"&ROW())) * ('종합'!$C$11:$H$15="초월+")), 0.02, 0)+IF(SUMPRODUCT(('종합'!$B$11:$G$15=INDIRECT("A"&ROW())) * ('종합'!$C$11:$H$15="초월++")), 0.04, 0)} -> 0.08 | E25: =IF('종합'!C3<=0, 0, IF('종합'!C3<45, (0.03*FLOOR('종합'!C3/3,1)*(31-FLOOR('종합'!C3/3,1)) + ('종합'!C3-3*FLOOR('종합'!C3/3,1))*0.02*(15-FLOOR('종합'!C3/3,1)))/'종합'!C3, 7.2/'종합'!C3)) -> 0.06
A26: 신전기사 | B26: =IF(COUNTIF('종합'!$B$11:$G$15, A26) > 0, TRUE, "") | C26: 1 | J26: {=0.23+IF(SUMPRODUCT(('종합'!$B$11:$G$15=INDIRECT("A"&ROW())) * ('종합'!$C$11:$H$15="초월+")), 0.02, 0)+IF(SUMPRODUCT(('종합'!$B$11:$G$15=INDIRECT("A"&ROW())) * ('종합'!$C$11:$H$15="초월++")), 0.04, 0)} -> 0.23 | P26: {=IF('방어구룬'!B68, 0, -0.08+IF(SUMPRODUCT(('종합'!$B$11:$G$15=INDIRECT("A"&ROW())) * ('종합'!$C$11:$H$15="초월+")), 0.01, 0)+IF(SUMPRODUCT(('종합'!$B$11:$G$15=INDIRECT("A"&ROW())) * ('종합'!$C$11:$H$15="초월++")), 0.02, 0))} -> -0.08 | AA26: =IF('방어구룬'!B68, "", "결함") -> 결함
A27: 근위병+ | B27: =IF(COUNTIF('종합'!$B$11:$G$15, A27) > 0, TRUE, "") | C27: 1 | D27: {=0.23+IF(SUMPRODUCT(('종합'!$B$11:$G$15=INDIRECT("A"&ROW())) * ('종합'!$C$11:$H$15="초월+")), 0.02, 0)+IF(SUMPRODUCT(('종합'!$B$11:$G$15=INDIRECT("A"&ROW())) * ('종합'!$C$11:$H$15="초월++")), 0.04, 0)} -> 0.23 | S27: {=IF('방어구룬'!B68, 0, -0.07+IF(SUMPRODUCT(('종합'!$B$11:$G$15=INDIRECT("A"&ROW())) * ('종합'!$C$11:$H$15="초월+")), 0.01, 0)+IF(SUMPRODUCT(('종합'!$B$11:$G$15=INDIRECT("A"&ROW())) * ('종합'!$C$11:$H$15="초월++")), 0.02, 0))} -> -0.07 | AA27: =IF('방어구룬'!B68, "", "결함") -> 결함
A28: 침묵하는 산 | B28: =IF(COUNTIF('종합'!$B$11:$G$15, A28) > 0, TRUE, "") | C28: 0.1 | E28: {=(0.22+IF(SUMPRODUCT(('종합'!$B$11:$G$15=INDIRECT("A"&ROW())) * ('종합'!$C$11:$H$15="초월+")), 0.02, 0)+IF(SUMPRODUCT(('종합'!$B$11:$G$15=INDIRECT("A"&ROW())) * ('종합'!$C$11:$H$15="초월++")), 0.04, 0))*C28} -> 0.022
A29: 필사+ | B29: =IF(COUNTIF('종합'!$B$11:$G$15, A29) > 0, TRUE, "") | C29: 0.5 | D29: {=0.1+IF(SUMPRODUCT(('종합'!$B$11:$G$15=INDIRECT("A"&ROW())) * ('종합'!$C$11:$H$15="초월+")), 0.02, 0)+IF(SUMPRODUCT(('종합'!$B$11:$G$15=INDIRECT("A"&ROW())) * ('종합'!$C$11:$H$15="초월++")), 0.04, 0)} -> 0.1 | E29: =0.2*C29 -> 0.1
A30: 파멸+ | B30: =IF(COUNTIF('종합'!$B$11:$G$15, A30) > 0, TRUE, "") | C30: 1 | E30: {=0.25+IF(SUMPRODUCT(('종합'!$B$11:$G$15=INDIRECT("A"&ROW())) * ('종합'!$C$11:$H$15="초월+")), 0.02, 0)+IF(SUMPRODUCT(('종합'!$B$11:$G$15=INDIRECT("A"&ROW())) * ('종합'!$C$11:$H$15="초월++")), 0.04, 0)} -> 0.25 | AA30: 궁극기사용시20초동안
A31: 집정관 | B31: =IF(COUNTIF('종합'!$B$11:$G$15, A31) > 0, TRUE, "") | C31: 1 | F31: {=0.23+IF(SUMPRODUCT(('종합'!$B$11:$G$15=INDIRECT("A"&ROW())) * ('종합'!$C$11:$H$15="초월+")), 0.02, 0)+IF(SUMPRODUCT(('종합'!$B$11:$G$15=INDIRECT("A"&ROW())) * ('종합'!$C$11:$H$15="초월++")), 0.04, 0)} -> 0.23 | Q31: {=IF('방어구룬'!B68, 0, -0.08+IF(SUMPRODUCT(('종합'!$B$11:$G$15=INDIRECT("A"&ROW())) * ('종합'!$C$11:$H$15="초월+")), 0.01, 0)+IF(SUMPRODUCT(('종합'!$B$11:$G$15=INDIRECT("A"&ROW())) * ('종합'!$C$11:$H$15="초월++")), 0.03, 0))} -> -0.08
A32: 새벽별 | B32: =IF(COUNTIF('종합'!$B$11:$G$15, A32) > 0, TRUE, "") | C32: 1 | AA32: 조건부회속속도증가 | AB32: {=0.03+IF(SUMPRODUCT(('종합'!$B$11:$G$15=INDIRECT("A"&ROW())) * ('종합'!$C$11:$H$15="초월+")), 0.003, 0)+IF(SUMPRODUCT(('종합'!$B$11:$G$15=INDIRECT("A"&ROW())) * ('종합'!$C$11:$H$15="초월++")), 0.006, 0)} -> 0.03
A33: 눈 먼 예언자 | B33: =IF(COUNTIF('종합'!$B$11:$G$15, A33) > 0, TRUE, "") | C33: 1 | AA33: 각성재사용시간38초 | AB33: =IF(B33=TRUE, IF(SUMPRODUCT(('종합'!$B$11:$G$15=A33) * ('종합'!$C$11:$H$15="초월+")), 39, IF(SUMPRODUCT(('종합'!$B$11:$G$15=A33) * ('종합'!$C$11:$H$15="초월++")), 40, 38)), 0) -> 0
A34: 압도적인 힘 | B34: =IF(COUNTIF('종합'!$B$11:$G$15, A34) > 0, TRUE, "") -> TRUE | C34: =IF('방어구룬'!B33, ((FLOOR('종합'!C3/52,1) * 20) + MIN(MOD('종합'!C3,52), 20)) / '종합'!C3, ((FLOOR('종합'!C3/90,1) * 20) + MIN(MOD('종합'!C3,90), 20)) / '종합'!C3)*if('엠블럼룬'!AB$1="각성",1,0) -> 0.33333333 | D34: 0.06 | E34: {=(0.06+IF(SUMPRODUCT(('종합'!$B$11:$G$15=INDIRECT("A"&ROW())) * ('종합'!$C$11:$H$15="초월+")), 0.02, 0)+IF(SUMPRODUCT(('종합'!$B$11:$G$15=INDIRECT("A"&ROW())) * ('종합'!$C$11:$H$15="초월++")), 0.04, 0))*C34} -> 0.033333333 | H34: =0.06+(0.06*C34) -> 0.08 | P34: =0.04+(0.04*C34) -> 0.053333333 | AA34: 각성종속
A35: 섬세한 손놀림 | B35: =IF(COUNTIF('종합'!$B$11:$G$15, A35) > 0, TRUE, "") -> TRUE | C35: =IF('방어구룬'!B33, ((FLOOR('종합'!C3/52,1) * 20) + MIN(MOD('종합'!C3,52), 20)) / '종합'!C3, ((FLOOR('종합'!C3/90,1) * 20) + MIN(MOD('종합'!C3,90), 20)) / '종합'!C3)*if('엠블럼룬'!AB$1="각성",1,0) -> 0.33333333 | D35: 0.06 | E35: {=(0.06+IF(SUMPRODUCT(('종합'!$B$11:$G$15=INDIRECT("A"&ROW())) * ('종합'!$C$11:$H$15="초월+")), 0.02, 0)+IF(SUMPRODUCT(('종합'!$B$11:$G$15=INDIRECT("A"&ROW())) * ('종합'!$C$11:$H$15="초월++")), 0.04, 0))*C35} -> 0.033333333 | I35: =0.06+(0.06* C35) -> 0.08 | O35: =0.04+(0.04*C35) -> 0.053333333 | AA35: 각성종속
A36: 성역+ | B36: =IF(COUNTIF('종합'!$B$11:$G$15, A36) > 0, TRUE, "") | C36: 1 | D36: {=0.17+IF(SUMPRODUCT(('종합'!$B$11:$G$15=INDIRECT("A"&ROW())) * ('종합'!$C$11:$H$15="초월+")), 0.02, 0)+IF(SUMPRODUCT(('종합'!$B$11:$G$15=INDIRECT("A"&ROW())) * ('종합'!$C$11:$H$15="초월++")), 0.04, 0)} -> 0.17 | E36: =0.17*C36-0.17 -> 0
A37: 불안정한 힘 | B37: =IF(COUNTIF('종합'!$B$11:$G$15, A37) > 0, TRUE, "") | C37: 1 | F37: {=0.22+IF(SUMPRODUCT(('종합'!$B$11:$G$15=INDIRECT("A"&ROW())) * ('종합'!$C$11:$H$15="초월+")), 0.02, 0)+IF(SUMPRODUCT(('종합'!$B$11:$G$15=INDIRECT("A"&ROW())) * ('종합'!$C$11:$H$15="초월++")), 0.04, 0)} -> 0.22
A38: 고대 수호자 | B38: =IF(COUNTIF('종합'!$B$11:$G$15, A38) > 0, TRUE, "") | C38: 1 | D38: {=0.23+IF(SUMPRODUCT(('종합'!$B$11:$G$15=INDIRECT("A"&ROW())) * ('종합'!$C$11:$H$15="초월+")), 0.02, 0)+IF(SUMPRODUCT(('종합'!$B$11:$G$15=INDIRECT("A"&ROW())) * ('종합'!$C$11:$H$15="초월++")), 0.04, 0)} -> 0.23 | Z38: {=IF('방어구룬'!B68, 0, -0.08+IF(SUMPRODUCT(('종합'!$B$11:$G$15=INDIRECT("A"&ROW())) * ('종합'!$C$11:$H$15="초월+")), 0.01, 0))} -> -0.08
A39: 갈퀴발톱+ | B39: =IF(COUNTIF('종합'!$B$11:$G$15, A39) > 0, TRUE, "") | C39: 1 | R39: {=0.24+IF(SUMPRODUCT(('종합'!$B$11:$G$15=INDIRECT("A"&ROW())) * ('종합'!$C$11:$H$15="초월+")), 0.03, 0)+IF(SUMPRODUCT(('종합'!$B$11:$G$15=INDIRECT("A"&ROW())) * ('종합'!$C$11:$H$15="초월++")), 0.06, 0)} -> 0.24 | AA39: 2-1,444스피증0.24 | AB39: {=0.24+IF(SUMPRODUCT(('종합'!$B$11:$G$15=INDIRECT("A"&ROW())) * ('종합'!$C$11:$H$15="초월+")), 0.03, 0)+IF(SUMPRODUCT(('종합'!$B$11:$G$15=INDIRECT("A"&ROW())) * ('종합'!$C$11:$H$15="초월++")), 0.06, 0)} -> 0.24
A40: 태양 | B40: =IF(COUNTIF('종합'!$B$11:$G$15, A40) > 0, TRUE, "") | C40: 1 | X40: {=(0.89+IF(SUMPRODUCT(('종합'!$B$11:$G$15=INDIRECT("A"&ROW())) * ('종합'!$C$11:$H$15="초월+")), 0.09, 0)+IF(SUMPRODUCT(('종합'!$B$11:$G$15=INDIRECT("A"&ROW())) * ('종합'!$C$11:$H$15="초월++")), 0.18, 0))/(3.5/$C40)} -> 0.25428571 | AC40: 0.085
A41: 싹쓸바람 | B41: =IF(COUNTIF('종합'!$B$11:$G$15, A41) > 0, TRUE, "") | C41: 1 | X41: {=(0.38+IF(SUMPRODUCT(('종합'!$B$11:$G$15=INDIRECT("A"&ROW())) * ('종합'!$C$11:$H$15="초월+")), 0.04, 0)+IF(SUMPRODUCT(('종합'!$B$11:$G$15=INDIRECT("A"&ROW())) * ('종합'!$C$11:$H$15="초월++")), 0.09, 0))/((10/6)/C41)} -> 0.228 | AC41: 0.1
A42: 혼돈 | B42: =IF(COUNTIF('종합'!$B$11:$G$15, A42) > 0, TRUE, "") | C42: 1 | X42: {=(1.02+IF(SUMPRODUCT(('종합'!$B$11:$G$15=INDIRECT("A"&ROW())) * ('종합'!$C$11:$H$15="초월+")), 0.1, 0)+IF(SUMPRODUCT(('종합'!$B$11:$G$15=INDIRECT("A"&ROW())) * ('종합'!$C$11:$H$15="초월++")), 0.2, 0))/(4/C42)} -> 0.255 | AC42: 0.075
A43: 붕괴하는 별 | B43: =IF(COUNTIF('종합'!$B$11:$G$15, A43) > 0, TRUE, "") | C43: 1 | E43: {=0.1+IF(SUMPRODUCT(('종합'!$B$11:$G$15=INDIRECT("A"&ROW())) * ('종합'!$C$11:$H$15="초월+")), 0.02, 0)+IF(SUMPRODUCT(('종합'!$B$11:$G$15=INDIRECT("A"&ROW())) * ('종합'!$C$11:$H$15="초월++")), 0.04, 0)} -> 0.1 | X43: =0.3/(3/C43) -> 0.1 | AC43: 0.1
A44: 돌격대장+ | B44: =IF(COUNTIF('종합'!$B$11:$G$15, A44) > 0, TRUE, "") | C44: 0 | E44: {=(0.2+IF(SUMPRODUCT(('종합'!$B$11:$G$15=INDIRECT("A"&ROW())) * ('종합'!$C$11:$H$15="초월+")), 0.02, 0)+IF(SUMPRODUCT(('종합'!$B$11:$G$15=INDIRECT("A"&ROW())) * ('종합'!$C$11:$H$15="초월++")), 0.04, 0))*C44} -> 0 | G44: =0.1*C44 -> 0 | AA44: 도발없음
A45: 지휘관 | B45: =IF(COUNTIF('종합'!$B$11:$G$15, A45) > 0, TRUE, "") | C45: 1 | E45: {=(0.045+IF(SUMPRODUCT(('종합'!$B$11:$G$15=INDIRECT("A"&ROW())) * ('종합'!$C$11:$H$15="초월+")), 0.006, 0)+IF(SUMPRODUCT(('종합'!$B$11:$G$15=INDIRECT("A"&ROW())) * ('종합'!$C$11:$H$15="초월++")), 0.01, 0))*5} -> 0.225
A46: 응징+ | B46: =IF(COUNTIF('종합'!$B$11:$G$15, A46) > 0, TRUE, "") | C46: 1 | D46: {=0.12+IF(SUMPRODUCT(('종합'!$B$11:$G$15=INDIRECT("A"&ROW())) * ('종합'!$C$11:$H$15="초월+")), 0.02, 0)+IF(SUMPRODUCT(('종합'!$B$11:$G$15=INDIRECT("A"&ROW())) * ('종합'!$C$11:$H$15="초월++")), 0.04, 0)} -> 0.12 | AA46: 피회복
A47: 집념+ | B47: =IF(COUNTIF('종합'!$B$11:$G$15, A47) > 0, TRUE, "") | C47: 1 | F47: {=0.1+IF(SUMPRODUCT(('종합'!$B$11:$G$15=INDIRECT("A"&ROW())) * ('종합'!$C$11:$H$15="초월+")), 0.02, 0)+IF(SUMPRODUCT(('종합'!$B$11:$G$15=INDIRECT("A"&ROW())) * ('종합'!$C$11:$H$15="초월++")), 0.04, 0)} -> 0.1 | Q47: 0.25
A48: 분쇄+ | B48: =IF(COUNTIF('종합'!$B$11:$G$15, A48) > 0, TRUE, "") | C48: ='종합'!C6/'종합'!C3 -> 0 | D48: {=0.06+IF(SUMPRODUCT(('종합'!$B$11:$G$15=INDIRECT("A"&ROW())) * ('종합'!$C$11:$H$15="초월+")), 0.02, 0)+IF(SUMPRODUCT(('종합'!$B$11:$G$15=INDIRECT("A"&ROW())) * ('종합'!$C$11:$H$15="초월++")), 0.04, 0)} -> 0.06 | F48: {=(0.28+IF(SUMPRODUCT(('종합'!$B$11:$G$15=INDIRECT("A"&ROW())) * ('종합'!$C$11:$H$15="초월+")), 0.02, 0)+IF(SUMPRODUCT(('종합'!$B$11:$G$15=INDIRECT("A"&ROW())) * ('종합'!$C$11:$H$15="초월++")), 0.04, 0))*C48} -> 0 | AA48: 무방비조건
A49: 쌍둥이 별 | B49: =IF(COUNTIF('종합'!$B$11:$G$15, A49) > 0, TRUE, "") | C49: 1 | Q49: {=0.07+IF(SUMPRODUCT(('종합'!$B$11:$G$15=INDIRECT("A"&ROW())) * ('종합'!$C$11:$H$15="초월+")), 0.02, 0)+IF(SUMPRODUCT(('종합'!$B$11:$G$15=INDIRECT("A"&ROW())) * ('종합'!$C$11:$H$15="초월++")), 0.04, 0)} -> 0.07 | T49: {=0.07+IF(SUMPRODUCT(('종합'!$B$11:$G$15=INDIRECT("A"&ROW())) * ('종합'!$C$11:$H$15="초월+")), 0.02, 0)+IF(SUMPRODUCT(('종합'!$B$11:$G$15=INDIRECT("A"&ROW())) * ('종합'!$C$11:$H$15="초월++")), 0.04, 0)} -> 0.07 | AA49: 누적*2
A50: 푸른 거목 | B50: =IF(COUNTIF('종합'!$B$11:$G$15, A50) > 0, TRUE, "") | C50: 1 | N50: {=LET( time, '종합'!C3, skill_rate, '종합'!K39, skill_req, IF('방어구룬'!B55=TRUE, 3, 5), total_skill_req, skill_req * 10, IF(OR(time<=0, skill_rate<=0), 0, IF(time * skill_rate < total_skill_req, LET( n, FLOOR(time*skill_rate/skill_req,1), (0.022+IF(SUMPRODUCT(('종합'!$B$11:$G$15=INDIRECT("A"&ROW())) * ('종합'!$C$11:$H$15="초월+")), 0.002, 0)+IF(SUMPRODUCT(('종합'!$B$11:$G$15=INDIRECT("A"&ROW())) * ('종합'!$C$11:$H$15="초월++")), 0.004, 0))/time*((skill_req/skill_rate)*n*(n-1)/2 + (time-n*skill_req/skill_rate)*n) ), (0.22+IF(SUMPRODUCT(('종합'!$B$11:$G$15=INDIRECT("A"&ROW())) * ('종합'!$C$11:$H$15="초월+")), 0.02, 0)) - ((0.022+IF(SUMPRODUCT(('종합'!$B$11:$G$15=INDIRECT("A"&ROW())) * ('종합'!$C$11:$H$15="초월+")), 0.002, 0)+IF(SUMPRODUCT(('종합'!$B$11:$G$15=INDIRECT("A"&ROW())) * ('종합'!$C$11:$H$15="초월++")), 0.004, 0)) * skill_req * 45) / (skill_rate * time) ) ) )} -> 0.15189664 | AA50: 축적50회
A51: 어두운 징조 | B51: =IF(COUNTIF('종합'!$B$11:$G$15, A51) > 0, TRUE, "") | C51: ='종합'!C5/1.5 -> 1.3333333 | E51: =0.006*C51 -> 0.008 | F51: =0.006*C51 -> 0.008 | P51: =0.006*C51 -> 0.008 | AA51: 누적 궁극기횟수
A52: 요정 무리 | B52: =IF(COUNTIF('종합'!$B$11:$G$15, A52) > 0, TRUE, "") | C52: =if(B55=true,4,7) -> 7 | AA52: 축적 스킬7회 쿨감 2.1초 | AB52: {=2.1+IF(SUMPRODUCT(('종합'!$B$11:$G$15=INDIRECT("A"&ROW())) * ('종합'!$C$11:$H$15="초월+")), 0.2, 0)+IF(SUMPRODUCT(('종합'!$B$11:$G$15=INDIRECT("A"&ROW())) * ('종합'!$C$11:$H$15="초월++")), 0.04, 0)} -> 2.1
A53: 수정 꽃잎 | B53: =IF(COUNTIF('종합'!$B$11:$G$15, A53) > 0, TRUE, "") | C53: 1 | E53: =MIN(10*('종합'!K39+'종합'!I40)*'종합'!K17/IF(B55=TRUE, 3, 6), 1)*0.12 -> 0.067590359 | X53: {=(0.45+IF(SUMPRODUCT(('종합'!$B$11:$G$15=INDIRECT("A"&ROW())) * ('종합'!$C$11:$H$15="초월+")), 0.11, 0)+IF(SUMPRODUCT(('종합'!$B$11:$G$15=INDIRECT("A"&ROW())) * ('종합'!$C$11:$H$15="초월++")), 0.22, 0))*(1/MAX(IF(B55=TRUE, 3, 6)/(('종합'!K39+'종합'!I40)*'종합'!K17), 3))} -> 0.025346385 | AA53: 축적 치명타6회
A54: 나무 사슴 | B54: =IF(COUNTIF('종합'!$B$11:$G$15, A54) > 0, TRUE, "") | C54: 1 | E54: =MIN(10*('종합'!K39+'종합'!I40)*'종합'!K16/IF(B55=TRUE, 3, 6), 1)*0.12 -> 0.037979961 | X54: {=(0.56+IF(SUMPRODUCT(('종합'!$B$11:$G$15=INDIRECT("A"&ROW())) * ('종합'!$C$11:$H$15="초월+")), 0.15, 0)+IF(SUMPRODUCT(('종합'!$B$11:$G$15=INDIRECT("A"&ROW())) * ('종합'!$C$11:$H$15="초월++")), 0.29, 0))*(1/MAX(IF(B55=TRUE, 3, 6)/(('종합'!K39+'종합'!I40)*'종합'!K16), 4))} -> 0.017723982 | AA54: 축적 추가타6회
A55: 에메랄드 숲 | B55: =IF(COUNTIF('종합'!$B$11:$G$15, A55) > 0, TRUE, "") | C55: 1 | F55: {=0.1+IF(SUMPRODUCT(('종합'!$B$11:$G$15=INDIRECT("A"&ROW())) * ('종합'!$C$11:$H$15="초월+")), 0.02, 0)+IF(SUMPRODUCT(('종합'!$B$11:$G$15=INDIRECT("A"&ROW())) * ('종합'!$C$11:$H$15="초월++")), 0.06, 0)} -> 0.1 | AA55: 축적*2
A56: 불사 | B56: =IF(COUNTIF('종합'!$B$11:$G$15, A56) > 0, TRUE, "") | C56: 1 | F56: {=0.18+IF(SUMPRODUCT(('종합'!$B$11:$G$15=INDIRECT("A"&ROW())) * ('종합'!$C$11:$H$15="초월+")), 0.02, 0)+IF(SUMPRODUCT(('종합'!$B$11:$G$15=INDIRECT("A"&ROW())) * ('종합'!$C$11:$H$15="초월++")), 0.04, 0)} -> 0.18 | AA56: 부활
A57: 싸움꾼 | B57: =IF(COUNTIF('종합'!$B$11:$G$15, A57) > 0, TRUE, "") | C57: 1 | F57: =0.12+0.04*C57 -> 0.16
A58: 약탈자 | B58: =IF(COUNTIF('종합'!$B$11:$G$15, A58) > 0, TRUE, "") | C58: 1 | O58: {=0.1+IF(SUMPRODUCT(('종합'!$B$11:$G$15=INDIRECT("A"&ROW())) * ('종합'!$C$11:$H$15="초월+")), 0.02, 0)+IF(SUMPRODUCT(('종합'!$B$11:$G$15=INDIRECT("A"&ROW())) * ('종합'!$C$11:$H$15="초월++")), 0.04, 0)} -> 0.1 | AA58: 추가타시 피회복
A59: 원소 조화 | B59: =IF(COUNTIF('종합'!$B$11:$G$15, A59) > 0, TRUE, "") | C59: 1 | X59: {=(1.26+IF(SUMPRODUCT(('종합'!$B$11:$G$15=INDIRECT("A"&ROW())) * ('종합'!$C$11:$H$15="초월+")), 0.15, 0))/(5/C59)} -> 0.252
A60: 다가오는 죽음 | B60: =IF(COUNTIF('종합'!$B$11:$G$15, A60) > 0, TRUE, "") | C60: 1 | X60: 0.117
A61: 잊힌 성소 | B61: =IF(COUNTIF('종합'!$B$11:$G$15, A61) > 0, TRUE, "") | C61: 1 | X61: =(0.15*50)*('종합'!K39+'종합'!I40)/IF('방어구룬'!B55=TRUE, 30, 60)/2 -> 0.037856064 | AA61: 명중률0.5
A62: 닫힌 운명 | B62: =IF(COUNTIF('종합'!$B$11:$G$15, A62) > 0, TRUE, "") | C62: 1 | G62: 0.1 | X62: =1.36/5 -> 0.272 | AC62: 0.1
A63: 검게 물든 후광 | B63: =IF(COUNTIF('종합'!$B$11:$G$15, A63) > 0, TRUE, "") | C63: 15 | F63: =0.15+if(C63>9,0.06,0)+if(C63>14,0.06,0) -> 0.27 | AA63: 방어구룬에서 강화입력
A64: 그림자로 엮은 회랑 | B64: =IF(COUNTIF('종합'!$B$11:$G$15, A64) > 0, TRUE, "") | C64: 15 | X64: =0.25/2+0.25/3+0.25/4+if(C64>14,0.25/5,0) -> 0.32083333 | AA64: 방어구룬에서 강화입력 | AC64: 0.3
A65: 바스러지는 빛 | B65: =IF(COUNTIF('종합'!$B$11:$G$15, A65) > 0, TRUE, "") -> TRUE | C65: 15 | E65: =IF(C65>14, MIN('종합'!K39*12, 5), MIN('종합'!K39*8, 5))*0.055 -> 0.275 | AA65: 방어구룬에서 강화입력
A66: 세상을 삼키는 악의 | B66: =IF(COUNTIF('종합'!$B$11:$G$15, A66) > 0, TRUE, "") | C66: 15 | F66: =0.16+if(C66>9,0.03,0)+if(C66>14,0.03,0) -> 0.22 | R66: =0.16 -> 0.16 | AA66: 방어구룬에서 강화입력
A67: 이름 없는 혼돈 | B67: =IF(COUNTIF('종합'!$B$11:$G$15, A67) > 0, TRUE, "") | C67: 15 | E67: =IF(C67>14, 0.25, 0.2) -> 0.25 | AA67: 방어구룬에서 강화입력
A68: 영원 | B68: =IF(COUNTIF('종합'!$B$11:$G$15, A68) > 0, TRUE, "") | C68: 1 | D68: 0.15 | N68: 0.15 | AA68: 결함제거
A69: 쏟아지는 별 | B69: =IF(COUNTIF('종합'!$B$11:$G$15, A69) > 0, TRUE, "") | C69: 1 | X69: =3.6/15+3.6/'종합'!C3*'종합'!C5 -> 0.3 | AA69: 궁극기마다 추가공격 | AC69: 0.02
A70: 빈값 | B70: =IF(COUNTIF('종합'!$B$11:$G$15, A70) > 0, TRUE, "")
A71: 기본기1 | B71: =IF(COUNTIF('종합'!$B$11:$G$15, A71) > 0, TRUE, "") | C71: 1 | D71: {=0.15+IF(SUMPRODUCT(('종합'!$B$11:$G$15=INDIRECT("A"&ROW())) * ('종합'!$C$11:$H$15="초월+")), 0.02, 0)+IF(SUMPRODUCT(('종합'!$B$11:$G$15=INDIRECT("A"&ROW())) * ('종합'!$C$11:$H$15="초월++")), 0.04, 0)} -> 0.15
A72: 기본기2 | B72: =IF(COUNTIF('종합'!$B$11:$G$15, A72) > 0, TRUE, "") | C72: 1 | D72: {=0.15+IF(SUMPRODUCT(('종합'!$B$11:$G$15=INDIRECT("A"&ROW())) * ('종합'!$C$11:$H$15="초월+")), 0.02, 0)+IF(SUMPRODUCT(('종합'!$B$11:$G$15=INDIRECT("A"&ROW())) * ('종합'!$C$11:$H$15="초월++")), 0.04, 0)} -> 0.15
A73: 기본기3 | B73: =IF(COUNTIF('종합'!$B$11:$G$15, A73) > 0, TRUE, "") | C73: 1 | D73: {=0.15+IF(SUMPRODUCT(('종합'!$B$11:$G$15=INDIRECT("A"&ROW())) * ('종합'!$C$11:$H$15="초월+")), 0.02, 0)+IF(SUMPRODUCT(('종합'!$B$11:$G$15=INDIRECT("A"&ROW())) * ('종합'!$C$11:$H$15="초월++")), 0.04, 0)} -> 0.15
A74: 기본기4 | B74: =IF(COUNTIF('종합'!$B$11:$G$15, A74) > 0, TRUE, "") | C74: 1 | D74: {=0.15+IF(SUMPRODUCT(('종합'!$B$11:$G$15=INDIRECT("A"&ROW())) * ('종합'!$C$11:$H$15="초월+")), 0.02, 0)+IF(SUMPRODUCT(('종합'!$B$11:$G$15=INDIRECT("A"&ROW())) * ('종합'!$C$11:$H$15="초월++")), 0.04, 0)} -> 0.15
A75: 기본기5 | B75: =IF(COUNTIF('종합'!$B$11:$G$15, A75) > 0, TRUE, "") | C75: 1 | D75: {=0.15+IF(SUMPRODUCT(('종합'!$B$11:$G$15=INDIRECT("A"&ROW())) * ('종합'!$C$11:$H$15="초월+")), 0.02, 0)+IF(SUMPRODUCT(('종합'!$B$11:$G$15=INDIRECT("A"&ROW())) * ('종합'!$C$11:$H$15="초월++")), 0.04, 0)} -> 0.15
A76: 유성 | B76: =IF(COUNTIF('종합'!$B$11:$G$15, A76) > 0, TRUE, "") | C76: ='종합'!$I$3*15 -> 75 | X76: =(1.705+0.0178*C76)/15+'종합'!$I$3 * 0.76 / 100 -> 0.24066667
A77: 초신성 | B77: =IF(COUNTIF('종합'!$B$11:$G$15, A77) > 0, TRUE, "") | C77: ='종합'!$I$3*15 -> 75 | E77: =0.05+(C77*0.0004) -> 0.08 | X77: =(0.761+0.01*C76)/15+'종합'!$I$3 * 0.76 / 100 -> 0.13873333
A78: 창백한 섬광 | B78: =IF(COUNTIF('종합'!$B$11:$G$15, A78) > 0, TRUE, "") | C78: ='종합'!$I$3*15 -> 75 | K78: =MIN(0.32, (C78 / 750) * 0.32) -> 0.032 | P78: {=0.08+IF(SUMPRODUCT(('종합'!$B$11:$G$15=INDIRECT("A"&ROW())) * ('종합'!$C$11:$H$15="초월+")), 0.02, 0)+IF(SUMPRODUCT(('종합'!$B$11:$G$15=INDIRECT("A"&ROW())) * ('종합'!$C$11:$H$15="초월++")), 0.04, 0)+(C78*0.0009)} -> 0.1475
A79: 일렁이는 불꽃 | B79: =IF(COUNTIF('종합'!$B$11:$G$15, A79) > 0, TRUE, "") -> TRUE | C79: ='종합'!$I$3*15 -> 75 | O79: {=0.08+IF(SUMPRODUCT(('종합'!$B$11:$G$15=INDIRECT("A"&ROW())) * ('종합'!$C$11:$H$15="초월+")), 0.02, 0)+IF(SUMPRODUCT(('종합'!$B$11:$G$15=INDIRECT("A"&ROW())) * ('종합'!$C$11:$H$15="초월++")), 0.04, 0)+(C79*0.0009)} -> 0.1675 | AB79: =MIN(0.3, (C79 / 750) * 0.3) -> 0.03
A80: 울려퍼지는 천둥 | B80: =IF(COUNTIF('종합'!$B$11:$G$15, A80) > 0, TRUE, "") | C80: ='종합'!$I$3*15 -> 75 | Q80: =0.06+(C80*0.0006) -> 0.105 | T80: =0.06+(C80*0.0006) -> 0.105 | U80: =0.06+(C80*0.0006) -> 0.105 | X80: ='종합'!$I$3 * 0.76 / 100 -> 0.038
A81: 번개 채찍 | B81: =IF(COUNTIF('종합'!$B$11:$G$15, A81) > 0, TRUE, "") | C81: ='종합'!$I$3*15 -> 75 | F81: {=0.09+IF(SUMPRODUCT(('종합'!$B$11:$G$15=INDIRECT("A"&ROW())) * ('종합'!$C$11:$H$15="초월+")), 0.02, 0)+(C81*0.0009)} -> 0.1575 | X81: ='종합'!$I$3 * 0.76 / 100 -> 0.038
A82: 광전사의 면갑 | B82: =IF(COUNTIF('종합'!$B$11:$G$15, A82) > 0, TRUE, "") | C82: 1 | F82: 0.15 | T82: 0.15 | U82: 0.15 | Z82: 0.15
A83: 산들바람 | B83: =IF(COUNTIF('종합'!$B$11:$G$15, A83) > 0, TRUE, "") -> TRUE | C83: 1 | I83: =C83*(0.06*2.1) -> 0.126

Sheet 엠블럼룬
A1: 엠블럼 룬 | B1: 사용여부 | C1: 가동률 | D1: 공증 | E1: 조건공증 | F1: 주피증 | G1: 받피증 | H1: 강타 | I1: 연타 | J1: 추피 | K1: 치피 | L1: 콤보피증 | M1: 멀티피증 | N1: 스킬피증 | O1: 추확 | P1: 치확 | Q1: 캐속 | R1: 무방 | S1: 재속 | T1: 스속 | U1: 공속 | V1: 공추 | W1: 궁획 | X1: 피해 | Y1: 지속피해 | Z1: 이속 | AA1: 특이사항 | AB1: =IFERROR(__xludf.DUMMYFUNCTION("FILTER(AB2:AB1000, B2:B1000=TRUE)"),"각성") -> 각성
A2: 현란함 | B2: =IF(COUNTIF('종합'!$B$11:$G$15, A2) > 0, TRUE, "") | C2: 1 | K2: 0.3 | P2: 0.1
A3: 지혜로움 | B3: =IF(COUNTIF('종합'!$B$11:$G$15, A3) > 0, TRUE, "") | C3: 1 | AA3: 쿨감18%
A4: 무자비한 포식자 | B4: =IF(COUNTIF('종합'!$B$11:$G$15, A4) > 0, TRUE, "") | C4: =((FLOOR('종합'!C3 / (90 - '방어구룬'!$AB$33),1) * 20) + MIN(MOD('종합'!C3, (90 - '방어구룬'!$AB$33)), 20)) / '종합'!C3 -> 0.33333333 | F4: {=0.21+IF(SUMPRODUCT(('종합'!$B$11:$G$15=INDIRECT("A"&ROW())) * ('종합'!$C$11:$H$15="초월+")), 0.02, 0)+(0.55*C4)} -> 0.39333333 | AA4: 무방비공격시 | AB4: 각성
A5: 순수한 힘 | B5: =IF(COUNTIF('종합'!$B$11:$G$15, A5) > 0, TRUE, "") | C5: =MAX(0, 30 - '스킬 및 딜사이클'!$Y$3)*'종합'!C5/'종합'!C3 -> 0.225 | F5: {=(0.27+IF(SUMPRODUCT(('종합'!$B$11:$G$15=INDIRECT("A"&ROW())) * ('종합'!$C$11:$H$15="초월+")), 0.02, 0))*C5} -> 0.06075 | W5: 0.2 | AA5: 궁극기사용시30초동안
A6: 부서진 하늘 | B6: =IF(COUNTIF('종합'!$B$11:$G$15, A6) > 0, TRUE, "") | C6: =((FLOOR('종합'!C3 / (90 - '방어구룬'!$AB$33),1) * 20) + MIN(MOD('종합'!C3, (90 - '방어구룬'!$AB$33)), 20)) / '종합'!C3 -> 0.33333333 | I6: {=0.08+IF(SUMPRODUCT(('종합'!$B$11:$G$15=INDIRECT("A"&ROW())) * ('종합'!$C$11:$H$15="초월+")), 0.02, 0)+(0.6*C6)} -> 0.28 | S6: {=0.08+IF(SUMPRODUCT(('종합'!$B$11:$G$15=INDIRECT("A"&ROW())) * ('종합'!$C$11:$H$15="초월+")), 0.02, 0)} -> 0.08 | X6: =(0.29/((1/('종합'!K39+'종합'!I40))/C6))*0.7 -> 0.040985499 | AB6: 각성
A7: 인도하는 빛 | B7: =IF(COUNTIF('종합'!$B$11:$G$15, A7) > 0, TRUE, "") | C7: =MAX(0, 15 - '스킬 및 딜사이클'!$Y$3)*'종합'!C5/'종합'!C3 -> 0 | E7: =0.08*C7 -> 0 | AA7: 궁극기사용시15초동안
A8: 대마법사 | B8: =IF(COUNTIF('종합'!$B$11:$G$15, A8) > 0, TRUE, "") | C8: =((FLOOR('종합'!C3 / (90 - '방어구룬'!$AB$33),1) * 20) + MIN(MOD('종합'!C3, (90 - '방어구룬'!$AB$33)), 20)) / '종합'!C3 -> 0.33333333 | E8: {=(0.45+IF(SUMPRODUCT(('종합'!$B$11:$G$15=INDIRECT("A"&ROW())) * ('종합'!$C$11:$H$15="초월+")), 0.1, 0))*C8} -> 0.15 | Q8: 0.14 | T8: =0.14+(0.25*C8) -> 0.22333333 | AA8: 차지1-1피해0.14 | AB8: 각성
A9: 흩날리는검 | B9: =IF(COUNTIF('종합'!$B$11:$G$15, A9) > 0, TRUE, "") | C9: =((FLOOR('종합'!C3 / (90 - '방어구룬'!$AB$33),1) * 35) + MIN(MOD('종합'!C3, (90 - '방어구룬'!$AB$33)), 35)) / '종합'!C3 -> 0.54166667 | E9: {=(0.35+IF(SUMPRODUCT(('종합'!$B$11:$G$15=INDIRECT("A"&ROW())) * ('종합'!$C$11:$H$15="초월+")), 0.1, 0))*C9} -> 0.18958333 | U9: =0.24+(0.2*C9) -> 0.34833333 | V9: =0.24+(0.2*C9) -> 0.34833333 | AB9: 각성
A10: 산맥 군주 | B10: =IF(COUNTIF('종합'!$B$11:$G$15, A10) > 0, TRUE, "") | C10: =((FLOOR('종합'!C3 / (90 - '방어구룬'!$AB$33),1) * 20) + MIN(MOD('종합'!C3, (90 - '방어구룬'!$AB$33)), 20)) / '종합'!C3 -> 0.33333333 | H10: {=0.08+IF(SUMPRODUCT(('종합'!$B$11:$G$15=INDIRECT("A"&ROW())) * ('종합'!$C$11:$H$15="초월+")), 0.02, 0)+IF(SUMPRODUCT(('종합'!$B$11:$G$15=INDIRECT("A"&ROW())) * ('종합'!$C$11:$H$15="초월++")), 0.02, 0)+((0.6+IF(SUMPRODUCT(('종합'!$B$11:$G$15=INDIRECT("A"&ROW())) * ('종합'!$C$11:$H$15="초월++")), 0.15, 0))*C10)} -> 0.28 | T10: {=0.08+IF(SUMPRODUCT(('종합'!$B$11:$G$15=INDIRECT("A"&ROW())) * ('종합'!$C$11:$H$15="초월+")), 0.02, 0)+IF(SUMPRODUCT(('종합'!$B$11:$G$15=INDIRECT("A"&ROW())) * ('종합'!$C$11:$H$15="초월++")), 0.02, 0)} -> 0.08 | X10: =1.55/(3/C10) -> 0.17222222 | AB10: 각성
A11: 아득한 빛 | B11: =IF(COUNTIF('종합'!$B$11:$G$15, A11) > 0, TRUE, "") -> TRUE | C11: =((FLOOR('종합'!C3 / (90 - '방어구룬'!$AB$33),1) * 20) + MIN(MOD('종합'!C3, (90 - '방어구룬'!$AB$33)), 20)) / '종합'!C3 -> 0.33333333 | F11: {=0.05+IF(SUMPRODUCT(('종합'!$B$11:$G$15=INDIRECT("A"&ROW())) * ('종합'!$C$11:$H$15="초월+")), 0.02, 0)+IF(SUMPRODUCT(('종합'!$B$11:$G$15=INDIRECT("A"&ROW())) * ('종합'!$C$11:$H$15="초월++")), 0.02, 0)} -> 0.07 | K11: {=0.1+((0.5+IF(SUMPRODUCT(('종합'!$B$11:$G$15=INDIRECT("A"&ROW())) * ('종합'!$C$11:$H$15="초월++")), 0.12, 0))*C11)} -> 0.30666667 | P11: =0.05+(0.2*C11) -> 0.11666667 | AB11: 각성
A12: 갈라진땅 | B12: =IF(COUNTIF('종합'!$B$11:$G$15, A12) > 0, TRUE, "") | C12: =((FLOOR('종합'!C3 / (90 - '방어구룬'!$AB$33),1) * 35) + MIN(MOD('종합'!C3, (90 - '방어구룬'!$AB$33)), 35)) / '종합'!C3 -> 0.54166667 | J12: {=(0.18+IF(SUMPRODUCT(('종합'!$B$11:$G$15=INDIRECT("A"&ROW())) * ('종합'!$C$11:$H$15="초월++")), 0.05, 0))*C12} -> 0.0975 | O12: {=0.12+IF(SUMPRODUCT(('종합'!$B$11:$G$15=INDIRECT("A"&ROW())) * ('종합'!$C$11:$H$15="초월+")), 0.02, 0)+IF(SUMPRODUCT(('종합'!$B$11:$G$15=INDIRECT("A"&ROW())) * ('종합'!$C$11:$H$15="초월++")), 0.02, 0)+(0.3*C12)} -> 0.2825 | AB12: 각성
A13: 빈값(엠블럼) | B13: =IF(COUNTIF('종합'!$B$11:$G$15, A13) > 0, TRUE, "")

Sheet 공격력변환
A1: 강화 | B1: 6성 | C1: 7성 | D1: 8성
F2: '종합'시트의 I4(공격력기본수치)를 입력할때 무기룬은 | I2: 8성 | J2: 이였으며 강화는 | K2: 18강 | L2: 이였습니다.
A3: 0강 | B3: 550 | C3: 628 | D3: 723 | F3: 7성 | G3: 무기룬 적용시 공격력기본수치를 알고싶습니다. | J3: ='종합'!I5 -> 27166 | K3: >>>>>>>>>>>> | L3: {=J3+(-INDEX(A:D, MATCH(K2, A:A, 0), MATCH(I2, 1:1, 0))+INDEX(A:D, MATCH(K2, A:A, 0), MATCH(F3, 1:1, 0)))*1.05} -> 26472.105 | M3: '종합'I5에 입력
A4: 1강 | B4: 707 | C4: 808 | D4: =C4/C3*D3 -> 930.2293 | L4: 정확한값이 아니라 근사값임
A5: 2강 | B5: 785 | C5: =B5/B4*C4 -> 897.14286 | D5: =C5/C4*D4 -> 1032.8571
A6: 3강 | B6: 825 | C6: =B6/B5*C5 -> 942.85714 | D6: =C6/C5*D5 -> 1085.4868
A7: 4강 | B7: 864 | C7: =B7/B6*C6 -> 987.42857 | D7: =C7/C6*D6 -> 1136.8007
A8: 5강 | B8: 903 | C8: =B8/B7*C7 -> 1032 | D8: =C8/C7*D7 -> 1188.1146
A9: 6강 | B9: 982 | C9: =B9/B8*C8 -> 1122.2857 | D9: =C9/C8*D8 -> 1292.0582
A10: 7강 | B10: 1060 | C10: =B10/B9*C9 -> 1211.4286 | D10: =C10/C9*D9 -> 1394.6861
A11: 8강 | B11: 1139 | C11: =B11/B10*C10 -> 1301.7143 | D11: =C11/C10*D10 -> 1498.6297
A12: 9강 | B12: 1217 | C12: =B12/B11*C11 -> 1390.8571 | D12: =C12/C11*D11 -> 1601.2575
A13: 10강 | B13: 1335 | C13: =B13/B12*C12 -> 1525.7143 | D13: =C13/C12*D12 -> 1756.515
A14: 11강 | B14: 1649 | C14: =B14/B13*C13 -> 1884.5714 | D14: =C14/C13*D13 -> 2169.6579
A15: 12강 | B15: 1963 | C15: =B15/B14*C14 -> 2243.4286 | D15: =C15/C14*D14 -> 2582.8007
A16: 13강 | B16: 2277 | C16: =B16/B15*C15 -> 2602.2857 | D16: =C16/C15*D15 -> 2995.9436
A17: 14강 | B17: 2591 | C17: =B17/B16*C16 -> 2961.1429 | D17: =C17/C16*D16 -> 3409.0864
A18: 15강 | B18: 2906 | C18: 3322 | D18: =C18/C17*D17 -> 3824.5318
A19: 16강 | B19: 3220 | C19: 3681 | D19: 4234
A20: 17강 | B20: 3534 | C20: =B20/B19*C19 -> 4039.9547 | D20: =C20/C19*D19 -> 4646.8807
A21: 18강 | B21: 3848 | C21: =B21/B20*C20 -> 4398.9093 | D21: =C21/C20*D20 -> 5059.7615
A22: 19강 | B22: 4162 | C22: =B22/B21*C21 -> 4757.864 | D22: =C22/C21*D21 -> 5472.6422

Sheet 스킬 및 딜사이클
A1: 스킬레벨 | B1: 0 | C1: ='종합'!B34 -> 10 | D1: 0 | E1: =C1 -> 10 | F1: 0 | G1: ='종합'!C34 -> 30 | H1: 0 | I1: =G1 -> 30 | J1: 0 | K1: ='종합'!D34 -> 10 | L1: 0 | M1: ='종합'!E34 -> 10 | N1: 0 | O1: =M1 -> 10 | P1: 0 | Q1: =M1 -> 10 | R1: 0 | S1: ='종합'!F34 -> 30 | T1: 0 | U1: =S1 -> 30 | V1: 0 | W1: =S1 -> 30
A2: 스킬이름 | B2: 1-1 | C2: 순정 | D2: 1-2 | E2: 순정 | F2: 2-1 | G2: 순정 | H2: 2-2 | I2: 순정 | J2: 3 | K2: 순정 | L2: 4-1 | M2: 순정 | N2: 4-2 | O2: 순정 | P2: 4-3 | Q2: 순정 | R2: 5-1 | S2: 순정 | T2: 5-2 | U2: 순정 | V2: 5-3 | W2: 순정 | X2: 6 | Y2: 궁극기 | AA2: 연타가동률
A3: 계수 | B3: 1.475 | C3: =B3*(1+0.03*C$1+0.02*((C$1>=2)+(C$1>=10)+(C$1>=15)+(C$1>=20)+(C$1>=30))) -> 1.9765 | D3: 0.81 | E3: =D3*(1+0.03*E$1+0.02*((E$1>=2)+(E$1>=10)+(E$1>=15)+(E$1>=20)+(E$1>=30))) -> 1.0854 | F3: 0.405 | G3: =F3*(1+0.03*G$1+0.02*((G$1>=2)+(G$1>=10)+(G$1>=15)+(G$1>=20)+(G$1>=30))) -> 0.81 | H3: 0.525 | I3: =H3*(1+0.03*I$1+0.02*((I$1>=2)+(I$1>=10)+(I$1>=15)+(I$1>=20)+(I$1>=30))) -> 1.05 | J3: 0.085 | K3: =J3*(1+0.03*K$1+0.02*((K$1>=2)+(K$1>=10)+(K$1>=15)+(K$1>=20)+(K$1>=30))) -> 0.1139 | L3: 0.141 | M3: =L3*(1+0.03*M$1+0.02*((M$1>=2)+(M$1>=10)+(M$1>=15)+(M$1>=20)+(M$1>=30))) -> 0.18894 | N3: 0.25 | O3: =N3*(1+0.03*O$1+0.02*((O$1>=2)+(O$1>=10)+(O$1>=15)+(O$1>=20)+(O$1>=30))) -> 0.335 | P3: 0.354 | Q3: =P3*(1+0.03*Q$1+0.02*((Q$1>=2)+(Q$1>=10)+(Q$1>=15)+(Q$1>=20)+(Q$1>=30))) -> 0.47436 | R3: 0.32 | S3: =R3*(1+0.03*S$1+0.02*((S$1>=2)+(S$1>=10)+(S$1>=15)+(S$1>=20)+(S$1>=30))) -> 0.64 | T3: 0.435 | U3: =T3*(1+0.03*U$1+0.02*((U$1>=2)+(U$1>=10)+(U$1>=15)+(U$1>=20)+(U$1>=30))) -> 0.87 | V3: 0.63 | W3: =V3*(1+0.03*W$1+0.02*((W$1>=2)+(W$1>=10)+(W$1>=15)+(W$1>=20)+(W$1>=30))) -> 1.26 | X3: 지속시간 | Y3: =9+0.25*'종합'!G34 -> 16.5 | AA3: =SUMIF('무기룬'!B:B, TRUE, '무기룬'!AC:AC) + SUMIF('방어구룬'!B:B, TRUE, '방어구룬'!AC:AC) + SUMIF('엠블럼룬'!B:B, TRUE, '엠블럼룬'!AC:AC) -> 0
B4: 0.825 | C4: =B4*(1+0.03*C$1+0.02*((C$1>=2)+(C$1>=10)+(C$1>=15)+(C$1>=20)+(C$1>=30))) -> 1.1055 | L4: 0.246 | M4: =L4*(1+0.03*M$1+0.02*((M$1>=2)+(M$1>=10)+(M$1>=15)+(M$1>=20)+(M$1>=30))) -> 0.32964 | N4: 0.437 | O4: =N4*(1+0.03*O$1+0.02*((O$1>=2)+(O$1>=10)+(O$1>=15)+(O$1>=20)+(O$1>=30))) -> 0.58558 | P4: 0.619 | Q4: =P4*(1+0.03*Q$1+0.02*((Q$1>=2)+(Q$1>=10)+(Q$1>=15)+(Q$1>=20)+(Q$1>=30))) -> 0.82946
B5: 1.15 | C5: =B5*(1+0.03*C$1+0.02*((C$1>=2)+(C$1>=10)+(C$1>=15)+(C$1>=20)+(C$1>=30))) -> 1.541 | M5: =L3*(1+0.03*M$1+0.02*((M$1>=2)+(M$1>=10)+(M$1>=15)+(M$1>=20)+(M$1>=30))) -> 0.18894 | O5: =N3*(1+0.03*O$1+0.02*((O$1>=2)+(O$1>=10)+(O$1>=15)+(O$1>=20)+(O$1>=30))) -> 0.335 | Q5: =P3*(1+0.03*Q$1+0.02*((Q$1>=2)+(Q$1>=10)+(Q$1>=15)+(Q$1>=20)+(Q$1>=30))) -> 0.47436
B6: 0.5 | C6: =B6*(1+0.03*C$1+0.02*((C$1>=2)+(C$1>=10)+(C$1>=15)+(C$1>=20)+(C$1>=30))) -> 0.67
A7: 쿨타임 | B7: 15 | F7: 14 | J7: 10 | L7: 15 | R7: 15
A8: 스킬이름 | B8: 1-1 | C8: 충돌 | D8: 1-2 | E8: 충돌 | F8: 2-1 | G8: 전진 | H8: 2-2 | I8: 전진 | J8: 3 | K8: 순발력 | L8: 4-1 | M8: 격파 | N8: 4-2 | O8: 격파 | P8: 4-3 | Q8: 격파 | R8: 5-1 | S8: 열혈 | T8: 5-2 | U8: 열혈 | V8: 5-3 | W8: 열혈
A9: 계수 | B9: 1.775 | C9: =B9*(1+0.03*C$1+0.02*((C$1>=2)+(C$1>=10)+(C$1>=15)+(C$1>=20)+(C$1>=30))) -> 2.3785 | D9: 0.81 | E9: =D9*(1+0.03*E$1+0.02*((E$1>=2)+(E$1>=10)+(E$1>=15)+(E$1>=20)+(E$1>=30))) -> 1.0854 | F9: 0.465 | G9: =F9*(1+0.03*G$1+0.02*((G$1>=2)+(G$1>=10)+(G$1>=15)+(G$1>=20)+(G$1>=30))) -> 0.93 | H9: 0.525 | I9: =H9*(1+0.03*I$1+0.02*((I$1>=2)+(I$1>=10)+(I$1>=15)+(I$1>=20)+(I$1>=30))) -> 1.05 | J9: 0.24 | K9: =J9*(1+0.03*K$1+0.02*((K$1>=2)+(K$1>=10)+(K$1>=15)+(K$1>=20)+(K$1>=30))) -> 0.3216 | L9: 0.188 | M9: =L9*(1+0.03*M$1+0.02*((M$1>=2)+(M$1>=10)+(M$1>=15)+(M$1>=20)+(M$1>=30))) -> 0.25192 | N9: 0.328 | O9: =N9*(1+0.03*O$1+0.02*((O$1>=2)+(O$1>=10)+(O$1>=15)+(O$1>=20)+(O$1>=30))) -> 0.43952 | P9: 0.468 | Q9: =P9*(1+0.03*Q$1+0.02*((Q$1>=2)+(Q$1>=10)+(Q$1>=15)+(Q$1>=20)+(Q$1>=30))) -> 0.62712 | R9: 0.435 | S9: =R9*(1+0.03*S$1+0.02*((S$1>=2)+(S$1>=10)+(S$1>=15)+(S$1>=20)+(S$1>=30))) -> 0.87 | T9: 0.6 | U9: =T9*(1+0.03*U$1+0.02*((U$1>=2)+(U$1>=10)+(U$1>=15)+(U$1>=20)+(U$1>=30))) -> 1.2 | V9: 0.86 | W9: =V9*(1+0.03*W$1+0.02*((W$1>=2)+(W$1>=10)+(W$1>=15)+(W$1>=20)+(W$1>=30))) -> 1.72
B10: 1.325 | C10: =B10*(1+0.03*C$1+0.02*((C$1>=2)+(C$1>=10)+(C$1>=15)+(C$1>=20)+(C$1>=30)))+0.35 -> 2.1255 | L10: 0.328 | M10: =L10*(1+0.03*M$1+0.02*((M$1>=2)+(M$1>=10)+(M$1>=15)+(M$1>=20)+(M$1>=30))) -> 0.43952 | N10: 0.574 | O10: =N10*(1+0.03*O$1+0.02*((O$1>=2)+(O$1>=10)+(O$1>=15)+(O$1>=20)+(O$1>=30))) -> 0.76916 | P10: 0.82 | Q10: =P10*(1+0.03*Q$1+0.02*((Q$1>=2)+(Q$1>=10)+(Q$1>=15)+(Q$1>=20)+(Q$1>=30))) -> 1.0988
B11: 1.7 | C11: =B11*(1+0.03*C$1+0.02*((C$1>=2)+(C$1>=10)+(C$1>=15)+(C$1>=20)+(C$1>=30)))+0.35 -> 2.628 | L11: 0.234 | M11: =L11*(1+0.03*M$1+0.02*((M$1>=2)+(M$1>=10)+(M$1>=15)+(M$1>=20)+(M$1>=30))) -> 0.31356 | N11: 0.41 | O11: =N11*(1+0.03*O$1+0.02*((O$1>=2)+(O$1>=10)+(O$1>=15)+(O$1>=20)+(O$1>=30))) -> 0.5494 | P11: 0.585 | Q11: =P11*(1+0.03*Q$1+0.02*((Q$1>=2)+(Q$1>=10)+(Q$1>=15)+(Q$1>=20)+(Q$1>=30))) -> 0.7839
B12: 0.94 | C12: =B12*(1+0.03*C$1+0.02*((C$1>=2)+(C$1>=10)+(C$1>=15)+(C$1>=20)+(C$1>=30)))+0.35 -> 1.6096 | L12: 0.1 | M12: =L12*(1+0.03*M$1+0.02*((M$1>=2)+(M$1>=10)+(M$1>=15)+(M$1>=20)+(M$1>=30))) -> 0.134 | N12: 0.1 | O12: =N12*(1+0.03*O$1+0.02*((O$1>=2)+(O$1>=10)+(O$1>=15)+(O$1>=20)+(O$1>=30))) -> 0.134 | P12: 0.1 | Q12: =P12*(1+0.03*Q$1+0.02*((Q$1>=2)+(Q$1>=10)+(Q$1>=15)+(Q$1>=20)+(Q$1>=30))) -> 0.134
A13: 쿨타임 | B13: 15 | F13: 14 | J13: 10 | L13: 15 | R13: 15
A14: 스킬이름 | B14: 1-1 | C14: 약점 | D14: 1-2 | E14: 약점 | R14: 5 | S14: 강격
A15: 계수 | B15: 0.92 | C15: =B15*(1+0.03*C$1+0.02*((C$1>=2)+(C$1>=10)+(C$1>=15)+(C$1>=20)+(C$1>=30))) -> 1.2328 | D15: 0.81 | E15: =D15*(1+0.03*E$1+0.02*((E$1>=2)+(E$1>=10)+(E$1>=15)+(E$1>=20)+(E$1>=30))) -> 1.0854 | R15: 1.615 | S15: =R15*(1+0.03*S$1+0.02*((S$1>=2)+(S$1>=10)+(S$1>=15)+(S$1>=20)+(S$1>=30))) -> 3.23
A19: 쿨타임 | B19: 15 | F19: 14 | J19: 10 | L19: 15 | R19: 13.6
C20: 강타 | E20: 강타 | G20: 강타 | I20: 강타 | K20: 이동 | M20: 강타 | O20: 강타 | Q20: 강타 | S20: 강타 | U20: 강타 | W20: 강타
C21: 이동 | E21: 방해 | G21: 이동 | I21: 이동 | K21: 생존 | M21: 보조 | O21: 보조 | Q21: 보조 | S21: 이동 | U21: 이동 | W21: 이동
C22: 방해 | G22: 방해 | K22: 보조
B23: =IFS(COUNTIF('종합'!C12:D14, "*충돌*")>0, "충돌", COUNTIF('종합'!C12:D14, "*약점*")>0, "약점", TRUE, "순정") -> 약점 | F23: =IF(COUNTIF('종합'!C12:D14, "*전진*")>0, "전진", "순정") -> 전진 | J23: =IF(COUNTIF('종합'!C12:D14, "*순발력*")>0, "순발력", "순정") -> 순정 | L23: =IF(COUNTIF('종합'!C12:D14, "*격파*")>0, "격파", "순정") -> 순정 | R23: =IFS(COUNTIF('종합'!C12:D14, "*열혈*")>0, "열혈", COUNTIF('종합'!C12:D14, "*강격*")>0, "강격", TRUE, "순정") -> 강격
A24: 계수 | B24: 1-1 | C24: {=XLOOKUP($B23, C2:C14, C3:C15)} -> 1.2328 | D24: 1-2 | E24: {=XLOOKUP($B23, E2:E14, E3:E15)} -> 1.0854 | F24: 2-1 | G24: {=XLOOKUP(F23, G2:G14, G3:G15)} -> 0.93 | H24: 2-2 | I24: {=XLOOKUP(F23, I2:I14, I3:I15)} -> 1.05 | J24: 3 | K24: {=XLOOKUP(J23, K2:K14, K3:K15)} -> 0.1139 | L24: 4-1 | M24: {=XLOOKUP(L23, M2:M14, M5:M17)} -> 0.18894 | N24: 4-2 | O24: {=XLOOKUP(L23, O2:O14, O5:O17)} -> 0.335 | P24: 4-3 | Q24: {=XLOOKUP(L23, Q2:Q14, Q5:Q17)} -> 0.47436 | R24: =IF(COUNTIF(R23, "강격")>0, "5", "5-1") -> 5 | S24: {=XLOOKUP($R23, S2:S14, S3:S15)} -> 3.23 | T24: =IF(COUNTIF(R23, "강격")>0, "", "5-2") | U24: {=XLOOKUP($R23, U2:U14, U3:U15)} -> #N/A | V24: =IF(COUNTIF(R23, "강격")>0, "", "5-3") | W24: {=XLOOKUP($R23, W2:W14, W3:W15)} -> #N/A
C25: {=XLOOKUP(B23, C2:C14, C6:C18)}
A26: 스킬속도 | B26: =IF(B23="약점", 1, 4) -> 1 | C26: =B26*(1-('종합'!$K$21+if(B23="약점",0,'종합'!K18))) -> 0.89584 | D26: 1.45 | E26: =D26*(1-'종합'!$K$21) -> 1.298968 | F26: 1 | G26: =F26*(1-'종합'!$K$21) -> 0.89584 | H26: 1.3 | I26: =H26*(1-'종합'!$K$21) -> 1.164592 | J26: 0.85 | K26: =J26*(1-'종합'!$K$21) -> 0.761464 | L26: 0.8 | M26: =L26*(1-'종합'!$K$21) -> 0.716672 | N26: 0.8 | O26: =N26*(1-'종합'!$K$21) -> 0.716672 | P26: 1.4 | Q26: =P26*(1-'종합'!$K$21) -> 1.254176 | R26: =IF(R23="강격", 1.4, 0.55) -> 1.4 | S26: =R26*(1-'종합'!$K$21) -> 1.254176 | T26: =IF(R23="강격", , 0.85) | U26: =T26*(1-'종합'!$K$21) -> 0 | V26: =IF(R23="강격", , 1.15) | W26: =V26*(1-'종합'!$K$21) -> 0
A27: 7e-05
A28: 쿨타임 | B28: {=XLOOKUP(B23, C2:C14, B7:B19)} -> 15 | C28: {=B28*(1-(SUM(MAP(C20:C22, LAMBDA(cell, SWITCH(cell, "강타", '종합'!$E$28, "이동", '종합'!$E$29, "보조", '종합'!$E$30, "방해", '종합'!$E$31, "생존", '종합'!$E$32, 0))))))*(if('엠블럼룬'!$B$3=true,0.82,1))*(1/(1+'종합'!K20))} -> 13.935 | F28: {=XLOOKUP(F23, G2:G14, F7:F19)} -> 14 | G28: {=F28*(1-(SUM(MAP(G20:G22, LAMBDA(cell, SWITCH(cell, "강타", '종합'!$E$28, "이동", '종합'!$E$29, "보조", '종합'!$E$30, "방해", '종합'!$E$31, "생존", '종합'!$E$32, 0))))))*(if('엠블럼룬'!$B$3=true,0.82,1))*(1/(1+'종합'!$K$20))} -> 13.006 | J28: {=XLOOKUP(J23, K2:K14, J7:J19)} -> 10 | K28: {=J28*(1-(SUM(MAP(K20:K22, LAMBDA(cell, SWITCH(cell, "강타", '종합'!$E$28, "이동", '종합'!$E$29, "보조", '종합'!$E$30, "방해", '종합'!$E$31, "생존", '종합'!$E$32, 0))))))*(if('엠블럼룬'!$B$3=true,0.82,1))*(1/(1+'종합'!$K$20))} -> 9.5 | L28: {=XLOOKUP(L23, M2:M14, L7:L19)} -> 15 | M28: {=L28*(1-(SUM(MAP(M20:M22, LAMBDA(cell, SWITCH(cell, "강타", '종합'!$E$28, "이동", '종합'!$E$29, "보조", '종합'!$E$30, "방해", '종합'!$E$31, "생존", '종합'!$E$32, 0))))))*(if('엠블럼룬'!$B$3=true,0.82,1))*(1/(1+'종합'!$K$20))} -> 14.46 | R28: {=XLOOKUP(R23, S2:S14, R7:R19)} -> 13.6 | S28: {=R28*(1-(SUM(MAP(S20:S22, LAMBDA(cell, SWITCH(cell, "강타", '종합'!$E$28, "이동", '종합'!$E$29, "보조", '종합'!$E$30, "방해", '종합'!$E$31, "생존", '종합'!$E$32, 0))))))*(if('엠블럼룬'!$B$3=true,0.82,1))*(1/(1+'종합'!$K$20))} -> 12.6344 | AB28: 1-1 스킬쿨 세공 지혜합연산 | AF28: {=B28*(1-((SUM(MAP(C20:C22, LAMBDA(cell, SWITCH(cell, "강타", '종합'!$E$28, "이동", '종합'!$E$29, "보조", '종합'!$E$30, "방해", '종합'!$E$31, "생존", '종합'!$E$32, 0)))))+(if('엠블럼룬'!$B$3=true,0.18,0))))*(1/(1+'종합'!K20))} -> 13.935
A29: 세공이후계수 | C29: {=C24*(1+(SUM(MAP(C$20:C$22, LAMBDA(cell, SWITCH(cell, "강타", '종합'!$C$28, "이동", '종합'!$C$29, "보조", '종합'!$C$30, "방해", '종합'!$C$31, "생존", '종합'!$C$32, 0))))))} -> 2.4199864 | E29: {=E24*(1+(SUM(MAP(E$20:E$22, LAMBDA(cell, SWITCH(cell, "강타", '종합'!$C$28, "이동", '종합'!$C$29, "보조", '종합'!$C$30, "방해", '종합'!$C$31, "생존", '종합'!$C$32, 0))))))} -> 1.6194168 | G29: {=G24*(1+(SUM(MAP(G$20:G$22, LAMBDA(cell, SWITCH(cell, "강타", '종합'!$C$28, "이동", '종합'!$C$29, "보조", '종합'!$C$30, "방해", '종합'!$C$31, "생존", '종합'!$C$32, 0))))))} -> 1.82559 | I29: {=I24*(1+(SUM(MAP(I$20:I$22, LAMBDA(cell, SWITCH(cell, "강타", '종합'!$C$28, "이동", '종합'!$C$29, "보조", '종합'!$C$30, "방해", '종합'!$C$31, "생존", '종합'!$C$32, 0))))))} -> 2.0391 | K29: {=K24*(1+(SUM(MAP(K$20:K$22, LAMBDA(cell, SWITCH(cell, "강타", '종합'!$C$28, "이동", '종합'!$C$29, "보조", '종합'!$C$30, "방해", '종합'!$C$31, "생존", '종합'!$C$32, 0))))))} -> 0.1699388 | M29: {=M24*(1+(SUM(MAP(M$20:M$22, LAMBDA(cell, SWITCH(cell, "강타", '종합'!$C$28, "이동", '종합'!$C$29, "보조", '종합'!$C$30, "방해", '종합'!$C$31, "생존", '종합'!$C$32, 0))))))} -> 0.28189848 | O29: {=O24*(1+(SUM(MAP(O$20:O$22, LAMBDA(cell, SWITCH(cell, "강타", '종합'!$C$28, "이동", '종합'!$C$29, "보조", '종합'!$C$30, "방해", '종합'!$C$31, "생존", '종합'!$C$32, 0))))))} -> 0.49982 | Q29: {=Q24*(1+(SUM(MAP(Q$20:Q$22, LAMBDA(cell, SWITCH(cell, "강타", '종합'!$C$28, "이동", '종합'!$C$29, "보조", '종합'!$C$30, "방해", '종합'!$C$31, "생존", '종합'!$C$32, 0))))))} -> 0.70774512 | S29: {=S24*(1+(SUM(MAP(S$20:S$22, LAMBDA(cell, SWITCH(cell, "강타", '종합'!$C$28, "이동", '종합'!$C$29, "보조", '종합'!$C$30, "방해", '종합'!$C$31, "생존", '종합'!$C$32, 0))))))} -> 6.27266 | U29: {=U24*(1+(SUM(MAP(U$20:U$22, LAMBDA(cell, SWITCH(cell, "강타", '종합'!$C$28, "이동", '종합'!$C$29, "보조", '종합'!$C$30, "방해", '종합'!$C$31, "생존", '종합'!$C$32, 0))))))} -> #N/A | W29: {=W24*(1+(SUM(MAP(W$20:W$22, LAMBDA(cell, SWITCH(cell, "강타", '종합'!$C$28, "이동", '종합'!$C$29, "보조", '종합'!$C$30, "방해", '종합'!$C$31, "생존", '종합'!$C$32, 0))))))} -> #N/A
C30: {=C25*(1+(SUM(MAP(C$20:C$22, LAMBDA(cell, SWITCH(cell, "강타", '종합'!$C$28, "이동", '종합'!$C$29, "보조", '종합'!$C$30, "방해", '종합'!$C$31, "생존", '종합'!$C$32, 0))))))} -> 0
B32: ='종합'!C37&" "&'종합'!C37 -> 2352 12 2352 12 | C32: =LEN(SUBSTITUTE(B32," ",""))/2 -> 6
A33: =IFERROR(MID(SUBSTITUTE($B32," ",""),COLUMN(),1),"") -> 2 | B33: =IFERROR(MID(SUBSTITUTE($B32," ",""),COLUMN(),1),"") -> 3 | C33: =IFERROR(MID(SUBSTITUTE($B32," ",""),COLUMN(),1),"") -> 5 | D33: =IFERROR(MID(SUBSTITUTE($B32," ",""),COLUMN(),1),"") -> 2 | E33: =IFERROR(MID(SUBSTITUTE($B32," ",""),COLUMN(),1),"") -> 1 | F33: =IFERROR(MID(SUBSTITUTE($B32," ",""),COLUMN(),1),"") -> 2 | G33: =IFERROR(MID(SUBSTITUTE($B32," ",""),COLUMN(),1),"") -> 2 | H33: =IFERROR(MID(SUBSTITUTE($B32," ",""),COLUMN(),1),"") -> 3 | ... AH33: =IFERROR(MID(SUBSTITUTE($B32," ",""),COLUMN(),1),"")
A34: {=LET( digit, IFERROR(VALUE(A33), 0), r23_val, $R$23, offset_cols, IFERROR(VALUE($C$32), 0), current_col, COLUMN(), start_col_idx, IF(current_col <= offset_cols, 1, offset_cols + 1), end_col_idx, current_col - 1, is_valid_range, end_col_idx >= start_col_idx, search_range_string, IF(is_valid_range, ADDRESS(ROW(), start_col_idx) & ":" & ADDRESS(ROW(), end_col_idx), ""), search_range, IF(is_valid_range, INDIRECT(search_range_string), ""), find_closest, LAMBDA(targets, LET( match_cols, IF(ISNUMBER(MATCH(search_range, targets, 0)), COLUMN(search_range), 0), max_col, MAX(match_cols), IF(max_col=0, "NOT_FOUND", INDEX(INDIRECT(ROW()&":"&ROW()), 1, max_col)) ) ), IFS( digit=1, LET(closest, find_closest({"1-1","2-1","1-2","2-2"}), IF(OR(closest="1-2", closest="2-2", closest="NOT_FOUND"), "1-1", "1-2")), digit=2, LET(closest, find_closest({"1-1","2-1","1-2","2-2"}), IF(OR(closest="1-2", closest="2-2", closest="NOT_FOUND"), "2-1", "2-2")), digit=3, "3", digit=4, LET(closest, find_closest({"4-1","4-2","4-3"}), IFS(OR(closest="4-3", closest="NOT_FOUND"), "4-1", closest="4-1", "4-2", closest="4-2", "4-3")), digit=5, IF(r23_val="강격", "5", LET(closest, find_closest({"5-1","5-2","5-3"}), IFS(OR(closest="5-3", closest="NOT_FOUND"), "5-1", closest="5-1", "5-2", closest="5-2", "5-3"))), TRUE, "" ) )} -> 2-1 | B34: {=LET( digit, IFERROR(VALUE(B33), 0), r23_val, $R$23, offset_cols, IFERROR(VALUE($C$32), 0), current_col, COLUMN(), start_col_idx, IF(current_col <= offset_cols, 1, offset_cols + 1), end_col_idx, current_col - 1, is_valid_range, end_col_idx >= start_col_idx, search_range_string, IF(is_valid_range, ADDRESS(ROW(), start_col_idx) & ":" & ADDRESS(ROW(), end_col_idx), ""), search_range, IF(is_valid_range, INDIRECT(search_range_string), ""), find_closest, LAMBDA(targets, LET( match_cols, IF(ISNUMBER(MATCH(search_range, targets, 0)), COLUMN(search_range), 0), max_col, MAX(match_cols), IF(max_col=0, "NOT_FOUND", INDEX(INDIRECT(ROW()&":"&ROW()), 1, max_col)) ) ), IFS( digit=1, LET(closest, find_closest({"1-1","2-1","1-2","2-2"}), IF(OR(closest="1-2", closest="2-2", closest="NOT_FOUND"), "1-1", "1-2")), digit=2, LET(closest, find_closest({"1-1","2-1","1-2","2-2"}), IF(OR(closest="1-2", closest="2-2", closest="NOT_FOUND"), "2-1", "2-2")), digit=3, "3", digit=4, LET(closest, find_closest({"4-1","4-2","4-3"}), IFS(OR(closest="4-3", closest="NOT_FOUND"), "4-1", closest="4-1", "4-2", closest="4-2", "4-3")), digit=5, IF(r23_val="강격", "5", LET(closest, find_closest({"5-1","5-2","5-3"}), IFS(OR(closest="5-3", closest="NOT_FOUND"), "5-1", closest="5-1", "5-2", closest="5-2", "5-3"))), TRUE, "" ) )} -> 3 | C34: {=LET( digit, IFERROR(VALUE(C33), 0), r23_val, $R$23, offset_cols, IFERROR(VALUE($C$32), 0), current_col, COLUMN(), start_col_idx, IF(current_col <= offset_cols, 1, offset_cols + 1), end_col_idx, current_col - 1, is_valid_range, end_col_idx >= start_col_idx, search_range_string, IF(is_valid_range, ADDRESS(ROW(), start_col_idx) & ":" & ADDRESS(ROW(), end_col_idx), ""), search_range, IF(is_valid_range, INDIRECT(search_range_string), ""), find_closest, LAMBDA(targets, LET( match_cols, IF(ISNUMBER(MATCH(search_range, targets, 0)), COLUMN(search_range), 0), max_col, MAX(match_cols), IF(max_col=0, "NOT_FOUND", INDEX(INDIRECT(ROW()&":"&ROW()), 1, max_col)) ) ), IFS( digit=1, LET(closest, find_closest({"1-1","2-1","1-2","2-2"}), IF(OR(closest="1-2", closest="2-2", closest="NOT_FOUND"), "1-1", "1-2")), digit=2, LET(closest, find_closest({"1-1","2-1","1-2","2-2"}), IF(OR(closest="1-2", closest="2-2", closest="NOT_FOUND"), "2-1", "2-2")), digit=3, "3", digit=4, LET(closest, find_closest({"4-1","4-2","4-3"}), IFS(OR(closest="4-3", closest="NOT_FOUND"), "4-1", closest="4-1", "4-2", closest="4-2", "4-3")), digit=5, IF(r23_val="강격", "5", LET(closest, find_closest({"5-1","5-2","5-3"}), IFS(OR(closest="5-3", closest="NOT_FOUND"), "5-1", closest="5-1", "5-2", closest="5-2", "5-3"))), TRUE, "" ) )} -> 5 | D34: {=LET( digit, IFERROR(VALUE(D33), 0), r23_val, $R$23, offset_cols, IFERROR(VALUE($C$32), 0), current_col, COLUMN(), start_col_idx, IF(current_col <= offset_cols, 1, offset_cols + 1), end_col_idx, current_col - 1, is_valid_range, end_col_idx >= start_col_idx, search_range_string, IF(is_valid_range, ADDRESS(ROW(), start_col_idx) & ":" & ADDRESS(ROW(), end_col_idx), ""), search_range, IF(is_valid_range, INDIRECT(search_range_string), ""), find_closest, LAMBDA(targets, LET( match_cols, IF(ISNUMBER(MATCH(search_range, targets, 0)), COLUMN(search_range), 0), max_col, MAX(match_cols), IF(max_col=0, "NOT_FOUND", INDEX(INDIRECT(ROW()&":"&ROW()), 1, max_col)) ) ), IFS( digit=1, LET(closest, find_closest({"1-1","2-1","1-2","2-2"}), IF(OR(closest="1-2", closest="2-2", closest="NOT_FOUND"), "1-1", "1-2")), digit=2, LET(closest, find_closest({"1-1","2-1","1-2","2-2"}), IF(OR(closest="1-2", closest="2-2", closest="NOT_FOUND"), "2-1", "2-2")), digit=3, "3", digit=4, LET(closest, find_closest({"4-1","4-2","4-3"}), IFS(OR(closest="4-3", closest="NOT_FOUND"), "4-1", closest="4-1", "4-2", closest="4-2", "4-3")), digit=5, IF(r23_val="강격", "5", LET(closest, find_closest({"5-1","5-2","5-3"}), IFS(OR(closest="5-3", closest="NOT_FOUND"), "5-1", closest="5-1", "5-2", closest="5-2", "5-3"))), TRUE, "" ) )} -> 2-2 | E34: {=LET( digit, IFERROR(VALUE(E33), 0), r23_val, $R$23, offset_cols, IFERROR(VALUE($C$32), 0), current_col, COLUMN(), start_col_idx, IF(current_col <= offset_cols, 1, offset_cols + 1), end_col_idx, current_col - 1, is_valid_range, end_col_idx >= start_col_idx, search_range_string, IF(is_valid_range, ADDRESS(ROW(), start_col_idx) & ":" & ADDRESS(ROW(), end_col_idx), ""), search_range, IF(is_valid_range, INDIRECT(search_range_string), ""), find_closest, LAMBDA(targets, LET( match_cols, IF(ISNUMBER(MATCH(search_range, targets, 0)), COLUMN(search_range), 0), max_col, MAX(match_cols), IF(max_col=0, "NOT_FOUND", INDEX(INDIRECT(ROW()&":"&ROW()), 1, max_col)) ) ), IFS( digit=1, LET(closest, find_closest({"1-1","2-1","1-2","2-2"}), IF(OR(closest="1-2", closest="2-2", closest="NOT_FOUND"), "1-1", "1-2")), digit=2, LET(closest, find_closest({"1-1","2-1","1-2","2-2"}), IF(OR(closest="1-2", closest="2-2", closest="NOT_FOUND"), "2-1", "2-2")), digit=3, "3", digit=4, LET(closest, find_closest({"4-1","4-2","4-3"}), IFS(OR(closest="4-3", closest="NOT_FOUND"), "4-1", closest="4-1", "4-2", closest="4-2", "4-3")), digit=5, IF(r23_val="강격", "5", LET(closest, find_closest({"5-1","5-2","5-3"}), IFS(OR(closest="5-3", closest="NOT_FOUND"), "5-1", closest="5-1", "5-2", closest="5-2", "5-3"))), TRUE, "" ) )} -> 1-1 | F34: {=LET( digit, IFERROR(VALUE(F33), 0), r23_val, $R$23, offset_cols, IFERROR(VALUE($C$32), 0), current_col, COLUMN(), start_col_idx, IF(current_col <= offset_cols, 1, offset_cols + 1), end_col_idx, current_col - 1, is_valid_range, end_col_idx >= start_col_idx, search_range_string, IF(is_valid_range, ADDRESS(ROW(), start_col_idx) & ":" & ADDRESS(ROW(), end_col_idx), ""), search_range, IF(is_valid_range, INDIRECT(search_range_string), ""), find_closest, LAMBDA(targets, LET( match_cols, IF(ISNUMBER(MATCH(search_range, targets, 0)), COLUMN(search_range), 0), max_col, MAX(match_cols), IF(max_col=0, "NOT_FOUND", INDEX(INDIRECT(ROW()&":"&ROW()), 1, max_col)) ) ), IFS( digit=1, LET(closest, find_closest({"1-1","2-1","1-2","2-2"}), IF(OR(closest="1-2", closest="2-2", closest="NOT_FOUND"), "1-1", "1-2")), digit=2, LET(closest, find_closest({"1-1","2-1","1-2","2-2"}), IF(OR(closest="1-2", closest="2-2", closest="NOT_FOUND"), "2-1", "2-2")), digit=3, "3", digit=4, LET(closest, find_closest({"4-1","4-2","4-3"}), IFS(OR(closest="4-3", closest="NOT_FOUND"), "4-1", closest="4-1", "4-2", closest="4-2", "4-3")), digit=5, IF(r23_val="강격", "5", LET(closest, find_closest({"5-1","5-2","5-3"}), IFS(OR(closest="5-3", closest="NOT_FOUND"), "5-1", closest="5-1", "5-2", closest="5-2", "5-3"))), TRUE, "" ) )} -> 2-2 | G34: {=LET( digit, IFERROR(VALUE(G33), 0), r23_val, $R$23, offset_cols, IFERROR(VALUE($C$32), 0), current_col, COLUMN(), start_col_idx, IF(current_col <= offset_cols, 1, offset_cols + 1), end_col_idx, current_col - 1, is_valid_range, end_col_idx >= start_col_idx, search_range_string, IF(is_valid_range, ADDRESS(ROW(), start_col_idx) & ":" & ADDRESS(ROW(), end_col_idx), ""), search_range, IF(is_valid_range, INDIRECT(search_range_string), ""), find_closest, LAMBDA(targets, LET( match_cols, IF(ISNUMBER(MATCH(search_range, targets, 0)), COLUMN(search_range), 0), max_col, MAX(match_cols), IF(max_col=0, "NOT_FOUND", INDEX(INDIRECT(ROW()&":"&ROW()), 1, max_col)) ) ), IFS( digit=1, LET(closest, find_closest({"1-1","2-1","1-2","2-2"}), IF(OR(closest="1-2", closest="2-2", closest="NOT_FOUND"), "1-1", "1-2")), digit=2, LET(closest, find_closest({"1-1","2-1","1-2","2-2"}), IF(OR(closest="1-2", closest="2-2", closest="NOT_FOUND"), "2-1", "2-2")), digit=3, "3", digit=4, LET(closest, find_closest({"4-1","4-2","4-3"}), IFS(OR(closest="4-3", closest="NOT_FOUND"), "4-1", closest="4-1", "4-2", closest="4-2", "4-3")), digit=5, IF(r23_val="강격", "5", LET(closest, find_closest({"5-1","5-2","5-3"}), IFS(OR(closest="5-3", closest="NOT_FOUND"), "5-1", closest="5-1", "5-2", closest="5-2", "5-3"))), TRUE, "" ) )} -> 2-1 | H34: {=LET( digit, IFERROR(VALUE(H33), 0), r23_val, $R$23, offset_cols, IFERROR(VALUE($C$32), 0), current_col, COLUMN(), start_col_idx, IF(current_col <= offset_cols, 1, offset_cols + 1), end_col_idx, current_col - 1, is_valid_range, end_col_idx >= start_col_idx, search_range_string, IF(is_valid_range, ADDRESS(ROW(), start_col_idx) & ":" & ADDRESS(ROW(), end_col_idx), ""), search_range, IF(is_valid_range, INDIRECT(search_range_string), ""), find_closest, LAMBDA(targets, LET( match_cols, IF(ISNUMBER(MATCH(search_range, targets, 0)), COLUMN(search_range), 0), max_col, MAX(match_cols), IF(max_col=0, "NOT_FOUND", INDEX(INDIRECT(ROW()&":"&ROW()), 1, max_col)) ) ), IFS( digit=1, LET(closest, find_closest({"1-1","2-1","1-2","2-2"}), IF(OR(closest="1-2", closest="2-2", closest="NOT_FOUND"), "1-1", "1-2")), digit=2, LET(closest, find_closest({"1-1","2-1","1-2","2-2"}), IF(OR(closest="1-2", closest="2-2", closest="NOT_FOUND"), "2-1", "2-2")), digit=3, "3", digit=4, LET(closest, find_closest({"4-1","4-2","4-3"}), IFS(OR(closest="4-3", closest="NOT_FOUND"), "4-1", closest="4-1", "4-2", closest="4-2", "4-3")), digit=5, IF(r23_val="강격", "5", LET(closest, find_closest({"5-1","5-2","5-3"}), IFS(OR(closest="5-3", closest="NOT_FOUND"), "5-1", closest="5-1", "5-2", closest="5-2", "5-3"))), TRUE, "" ) )} -> 3 | ... AH34: {=LET( digit, IFERROR(VALUE(AH33), 0), r23_val, $R$23, offset_cols, IFERROR(VALUE($C$32), 0), current_col, COLUMN(), start_col_idx, IF(current_col <= offset_cols, 1, offset_cols + 1), end_col_idx, current_col - 1, is_valid_range, end_col_idx >= start_col_idx, search_range_string, IF(is_valid_range, ADDRESS(ROW(), start_col_idx) & ":" & ADDRESS(ROW(), end_col_idx), ""), search_range, IF(is_valid_range, INDIRECT(search_range_string), ""), find_closest, LAMBDA(targets, LET( match_cols, IF(ISNUMBER(MATCH(search_range, targets, 0)), COLUMN(search_range), 0), max_col, MAX(match_cols), IF(max_col=0, "NOT_FOUND", INDEX(INDIRECT(ROW()&":"&ROW()), 1, max_col)) ) ), IFS( digit=1, LET(closest, find_closest({"1-1","2-1","1-2","2-2"}), IF(OR(closest="1-2", closest="2-2", closest="NOT_FOUND"), "1-1", "1-2")), digit=2, LET(closest, find_closest({"1-1","2-1","1-2","2-2"}), IF(OR(closest="1-2", closest="2-2", closest="NOT_FOUND"), "2-1", "2-2")), digit=3, "3", digit=4, LET(closest, find_closest({"4-1","4-2","4-3"}), IFS(OR(closest="4-3", closest="NOT_FOUND"), "4-1", closest="4-1", "4-2", closest="4-2", "4-3")), digit=5, IF(r23_val="강격", "5", LET(closest, find_closest({"5-1","5-2","5-3"}), IFS(OR(closest="5-3", closest="NOT_FOUND"), "5-1", closest="5-1", "5-2", closest="5-2", "5-3"))), TRUE, "" ) )} | AJ34: 사이클합계 | AK34: 딜사이클
A35: =IFNA(OFFSET(INDEX($24:$24, MATCH(A34, $24:$24, 0)), 5, 1), "") -> 1.82559 | B35: =IFNA(OFFSET(INDEX($24:$24, MATCH(B34, $24:$24, 0)), 5, 1), "") -> 0.1699388 | C35: =IFNA(OFFSET(INDEX($24:$24, MATCH(C34, $24:$24, 0)), 5, 1), "") -> 6.27266 | D35: =IFNA(OFFSET(INDEX($24:$24, MATCH(D34, $24:$24, 0)), 5, 1), "") -> 2.0391 | E35: =IFNA(OFFSET(INDEX($24:$24, MATCH(E34, $24:$24, 0)), 5, 1), "") -> 2.4199864 | F35: =IFNA(OFFSET(INDEX($24:$24, MATCH(F34, $24:$24, 0)), 5, 1), "") -> 2.0391 | G35: =IFNA(OFFSET(INDEX($24:$24, MATCH(G34, $24:$24, 0)), 5, 1), "") -> 1.82559 | H35: =IFNA(OFFSET(INDEX($24:$24, MATCH(H34, $24:$24, 0)), 5, 1), "") -> 0.1699388 | ... AH35: =IFNA(OFFSET(INDEX($24:$24, MATCH(AH34, $24:$24, 0)), 5, 1), "") | AK35: 세공이후계수
C36: =IFS( OR(C34="3", ISBLANK(C34)), "", AND(B34="3", OR(A34="1-1", A34="2-1", A34="4-2", A34="5-2")), 0.35, OR(B34="1-1", B34="2-1", B34="4-2", B34="5-2"), 0.35, TRUE, "" ) -> 0.35 | D36: =IFS( OR(D34="3", ISBLANK(D34)), "", AND(C34="3", OR(B34="1-1", B34="2-1", B34="4-2", B34="5-2")), 0.35, OR(C34="1-1", C34="2-1", C34="4-2", C34="5-2"), 0.35, TRUE, "" ) | E36: =IFS( OR(E34="3", ISBLANK(E34)), "", AND(D34="3", OR(C34="1-1", C34="2-1", C34="4-2", C34="5-2")), 0.35, OR(D34="1-1", D34="2-1", D34="4-2", D34="5-2"), 0.35, TRUE, "" ) | F36: =IFS( OR(F34="3", ISBLANK(F34)), "", AND(E34="3", OR(D34="1-1", D34="2-1", D34="4-2", D34="5-2")), 0.35, OR(E34="1-1", E34="2-1", E34="4-2", E34="5-2"), 0.35, TRUE, "" ) -> 0.35 | G36: =IFS( OR(G34="3", ISBLANK(G34)), "", AND(F34="3", OR(E34="1-1", E34="2-1", E34="4-2", E34="5-2")), 0.35, OR(F34="1-1", F34="2-1", F34="4-2", F34="5-2"), 0.35, TRUE, "" ) | H36: =IFS( OR(H34="3", ISBLANK(H34)), "", AND(G34="3", OR(F34="1-1", F34="2-1", F34="4-2", F34="5-2")), 0.35, OR(G34="1-1", G34="2-1", G34="4-2", G34="5-2"), 0.35, TRUE, "" ) | I36: =IFS( OR(I34="3", ISBLANK(I34)), "", AND(H34="3", OR(G34="1-1", G34="2-1", G34="4-2", G34="5-2")), 0.35, OR(H34="1-1", H34="2-1", H34="4-2", H34="5-2"), 0.35, TRUE, "" ) -> 0.35 | J36: =IFS( OR(J34="3", ISBLANK(J34)), "", AND(I34="3", OR(H34="1-1", H34="2-1", H34="4-2", H34="5-2")), 0.35, OR(I34="1-1", I34="2-1", I34="4-2", I34="5-2"), 0.35, TRUE, "" ) | ... AH36: =IFS( OR(AH34="3", ISBLANK(AH34)), "", AND(AG34="3", OR(AF34="1-1", AF34="2-1", AF34="4-2", AF34="5-2")), 0.35, OR(AG34="1-1", AG34="2-1", AG34="4-2", AG34="5-2"), 0.35, TRUE, "" ) | AK36: 회심의일격
C37: =IF(OR(C34="4-1", C34="4-2", C34="4-3"), C35, "") | D37: =IF(OR(D34="4-1", D34="4-2", D34="4-3"), D35, "") | E37: =IF(OR(E34="4-1", E34="4-2", E34="4-3"), E35, "") | F37: =IF(OR(F34="4-1", F34="4-2", F34="4-3"), F35, "") | G37: =IF(OR(G34="4-1", G34="4-2", G34="4-3"), G35, "") | H37: =IF(OR(H34="4-1", H34="4-2", H34="4-3"), H35, "") | I37: =IF(OR(I34="4-1", I34="4-2", I34="4-3"), I35, "") | J37: =IF(OR(J34="4-1", J34="4-2", J34="4-3"), J35, "") | ... AH37: =IF(OR(AH34="4-1", AH34="4-2", AH34="4-3"), AH35, "") | AK37: 격파
C38: =if(C34="3",0,0.15) -> 0.15 | D38: =if(D34="3",0,0.15) -> 0.15 | E38: =if(E34="3",0,0.15) -> 0.15 | F38: =if(F34="3",0,0.15) -> 0.15 | G38: =if(G34="3",0,0.15) -> 0.15 | H38: =if(H34="3",0,0.15) -> 0 | I38: =if(I34="3",0,0.15) -> 0.15 | J38: =if(J34="3",0,0.15) -> 0.15 | ... AH38: =if(AH34="3",0,0.15) -> 0.15 | AK38: 연계공격
C39: =IFERROR(__xludf.DUMMYFUNCTION("LET( target_regex, ""^5$|^5-3$|^1-2$|^2-2$|^4-3$"", IF(REGEXMATCH(TO_TEXT(C34), target_regex), IF(B34=""2-1"", 0.5, IF(REGEXMATCH(TO_TEXT(B34), target_regex), 0, IF(A34=""2-1"", 0.5, IF(REGEXMATCH(TO_TEXT(A3"&"4), target_regex), 0, IF(#REF!=""2-1"", 0.5, IF(REGEXMATCH(TO_TEXT(#REF!), target_regex), 0, IF(#REF!=""2-1"", 0.5, IF(REGEXMATCH(TO_TEXT(#REF!), target_regex), 0, """") "&" ) )) )) )), """") )*IF($F$23=""전진"", 1, 0)"),0.5) -> 0.5 | D39: =IFERROR(__xludf.DUMMYFUNCTION("LET( target_regex, ""^5$|^5-3$|^1-2$|^2-2$|^4-3$"", IF(REGEXMATCH(TO_TEXT(D34), target_regex), IF(C34=""2-1"", 0.5, IF(REGEXMATCH(TO_TEXT(C34), target_regex), 0, IF(B34=""2-1"", 0.5, IF(REGEXMATCH(TO_TEXT(B3"&"4), target_regex), 0, IF(A34=""2-1"", 0.5, IF(REGEXMATCH(TO_TEXT(A34), target_regex), 0, IF(#REF!=""2-1"", 0.5, IF(REGEXMATCH(TO_TEXT(#REF!), target_regex), 0, """") "&" ) )) )) )), """") )*IF($F$23=""전진"", 1, 0)"),0.0) -> 0 | E39: =IFERROR(__xludf.DUMMYFUNCTION("LET( target_regex, ""^5$|^5-3$|^1-2$|^2-2$|^4-3$"", IF(REGEXMATCH(TO_TEXT(E34), target_regex), IF(D34=""2-1"", 0.5, IF(REGEXMATCH(TO_TEXT(D34), target_regex), 0, IF(C34=""2-1"", 0.5, IF(REGEXMATCH(TO_TEXT(C3"&"4), target_regex), 0, IF(B34=""2-1"", 0.5, IF(REGEXMATCH(TO_TEXT(B34), target_regex), 0, IF(A34=""2-1"", 0.5, IF(REGEXMATCH(TO_TEXT(A34), target_regex), 0, """") )"&" )) )) )), """") )*IF($F$23=""전진"", 1, 0)"),0.0) -> 0 | F39: =IFERROR(__xludf.DUMMYFUNCTION("LET( target_regex, ""^5$|^5-3$|^1-2$|^2-2$|^4-3$"", IF(REGEXMATCH(TO_TEXT(F34), target_regex), IF(E34=""2-1"", 0.5, IF(REGEXMATCH(TO_TEXT(E34), target_regex), 0, IF(D34=""2-1"", 0.5, IF(REGEXMATCH(TO_TEXT(D3"&"4), target_regex), 0, IF(C34=""2-1"", 0.5, IF(REGEXMATCH(TO_TEXT(C34), target_regex), 0, IF(B34=""2-1"", 0.5, IF(REGEXMATCH(TO_TEXT(B34), target_regex), 0, """") )"&" )) )) )), """") )*IF($F$23=""전진"", 1, 0)"),0.0) -> 0 | G39: =IFERROR(__xludf.DUMMYFUNCTION("LET( target_regex, ""^5$|^5-3$|^1-2$|^2-2$|^4-3$"", IF(REGEXMATCH(TO_TEXT(G34), target_regex), IF(F34=""2-1"", 0.5, IF(REGEXMATCH(TO_TEXT(F34), target_regex), 0, IF(E34=""2-1"", 0.5, IF(REGEXMATCH(TO_TEXT(E3"&"4), target_regex), 0, IF(D34=""2-1"", 0.5, IF(REGEXMATCH(TO_TEXT(D34), target_regex), 0, IF(C34=""2-1"", 0.5, IF(REGEXMATCH(TO_TEXT(C34), target_regex), 0, """") )"&" )) )) )), """") )*IF($F$23=""전진"", 1, 0)"),0.0) -> 0 | H39: =IFERROR(__xludf.DUMMYFUNCTION("LET( target_regex, ""^5$|^5-3$|^1-2$|^2-2$|^4-3$"", IF(REGEXMATCH(TO_TEXT(H34), target_regex), IF(G34=""2-1"", 0.5, IF(REGEXMATCH(TO_TEXT(G34), target_regex), 0, IF(F34=""2-1"", 0.5, IF(REGEXMATCH(TO_TEXT(F3"&"4), target_regex), 0, IF(E34=""2-1"", 0.5, IF(REGEXMATCH(TO_TEXT(E34), target_regex), 0, IF(D34=""2-1"", 0.5, IF(REGEXMATCH(TO_TEXT(D34), target_regex), 0, """") )"&" )) )) )), """") )*IF($F$23=""전진"", 1, 0)"),0.0) -> 0 | I39: =IFERROR(__xludf.DUMMYFUNCTION("LET( target_regex, ""^5$|^5-3$|^1-2$|^2-2$|^4-3$"", IF(REGEXMATCH(TO_TEXT(I34), target_regex), IF(H34=""2-1"", 0.5, IF(REGEXMATCH(TO_TEXT(H34), target_regex), 0, IF(G34=""2-1"", 0.5, IF(REGEXMATCH(TO_TEXT(G3"&"4), target_regex), 0, IF(F34=""2-1"", 0.5, IF(REGEXMATCH(TO_TEXT(F34), target_regex), 0, IF(E34=""2-1"", 0.5, IF(REGEXMATCH(TO_TEXT(E34), target_regex), 0, """") )"&" )) )) )), """") )*IF($F$23=""전진"", 1, 0)"),0.5) -> 0.5 | J39: =IFERROR(__xludf.DUMMYFUNCTION("LET( target_regex, ""^5$|^5-3$|^1-2$|^2-2$|^4-3$"", IF(REGEXMATCH(TO_TEXT(J34), target_regex), IF(I34=""2-1"", 0.5, IF(REGEXMATCH(TO_TEXT(I34), target_regex), 0, IF(H34=""2-1"", 0.5, IF(REGEXMATCH(TO_TEXT(H3"&"4), target_regex), 0, IF(G34=""2-1"", 0.5, IF(REGEXMATCH(TO_TEXT(G34), target_regex), 0, IF(F34=""2-1"", 0.5, IF(REGEXMATCH(TO_TEXT(F34), target_regex), 0, """") )"&" )) )) )), """") )*IF($F$23=""전진"", 1, 0)"),0.0) -> 0 | K39: =IFERROR(__xludf.DUMMYFUNCTION("LET( target_regex, ""^5$|^5-3$|^1-2$|^2-2$|^4-3$"", IF(REGEXMATCH(TO_TEXT(K34), target_regex), IF(J34=""2-1"", 0.5, IF(REGEXMATCH(TO_TEXT(J34), target_regex), 0, IF(I34=""2-1"", 0.5, IF(REGEXMATCH(TO_TEXT(I3"&"4), target_regex), 0, IF(H34=""2-1"", 0.5, IF(REGEXMATCH(TO_TEXT(H34), target_regex), 0, IF(G34=""2-1"", 0.5, IF(REGEXMATCH(TO_TEXT(G34), target_regex), 0, """") )"&" )) )) )), """") )*IF($F$23=""전진"", 1, 0)"),0.0) -> 0 | L39: =IFERROR(__xludf.DUMMYFUNCTION("LET( target_regex, ""^5$|^5-3$|^1-2$|^2-2$|^4-3$"", IF(REGEXMATCH(TO_TEXT(L34), target_regex), IF(K34=""2-1"", 0.5, IF(REGEXMATCH(TO_TEXT(K34), target_regex), 0, IF(J34=""2-1"", 0.5, IF(REGEXMATCH(TO_TEXT(J3"&"4), target_regex), 0, IF(I34=""2-1"", 0.5, IF(REGEXMATCH(TO_TEXT(I34), target_regex), 0, IF(H34=""2-1"", 0.5, IF(REGEXMATCH(TO_TEXT(H34), target_regex), 0, """") )"&" )) )) )), """") )*IF($F$23=""전진"", 1, 0)"),0.0) -> 0 | M39: =IFERROR(__xludf.DUMMYFUNCTION("LET( target_regex, ""^5$|^5-3$|^1-2$|^2-2$|^4-3$"", IF(REGEXMATCH(TO_TEXT(M34), target_regex), IF(L34=""2-1"", 0.5, IF(REGEXMATCH(TO_TEXT(L34), target_regex), 0, IF(K34=""2-1"", 0.5, IF(REGEXMATCH(TO_TEXT(K3"&"4), target_regex), 0, IF(J34=""2-1"", 0.5, IF(REGEXMATCH(TO_TEXT(J34), target_regex), 0, IF(I34=""2-1"", 0.5, IF(REGEXMATCH(TO_TEXT(I34), target_regex), 0, """") )"&" )) )) )), """") )*IF($F$23=""전진"", 1, 0)"),0.0) -> 0 | N39: =IFERROR(__xludf.DUMMYFUNCTION("LET( target_regex, ""^5$|^5-3$|^1-2$|^2-2$|^4-3$"", IF(REGEXMATCH(TO_TEXT(N34), target_regex), IF(M34=""2-1"", 0.5, IF(REGEXMATCH(TO_TEXT(M34), target_regex), 0, IF(L34=""2-1"", 0.5, IF(REGEXMATCH(TO_TEXT(L3"&"4), target_regex), 0, IF(K34=""2-1"", 0.5, IF(REGEXMATCH(TO_TEXT(K34), target_regex), 0, IF(J34=""2-1"", 0.5, IF(REGEXMATCH(TO_TEXT(J34), target_regex), 0, """") )"&" )) )) )), """") )*IF($F$23=""전진"", 1, 0)"),0.0) -> 0 | O39: =IFERROR(__xludf.DUMMYFUNCTION("LET( target_regex, ""^5$|^5-3$|^1-2$|^2-2$|^4-3$"", IF(REGEXMATCH(TO_TEXT(O34), target_regex), IF(N34=""2-1"", 0.5, IF(REGEXMATCH(TO_TEXT(N34), target_regex), 0, IF(M34=""2-1"", 0.5, IF(REGEXMATCH(TO_TEXT(M3"&"4), target_regex), 0, IF(L34=""2-1"", 0.5, IF(REGEXMATCH(TO_TEXT(L34), target_regex), 0, IF(K34=""2-1"", 0.5, IF(REGEXMATCH(TO_TEXT(K34), target_regex), 0, """") )"&" )) )) )), """") )*IF($F$23=""전진"", 1, 0)"),0.0) -> 0 | P39: =IFERROR(__xludf.DUMMYFUNCTION("LET( target_regex, ""^5$|^5-3$|^1-2$|^2-2$|^4-3$"", IF(REGEXMATCH(TO_TEXT(P34), target_regex), IF(O34=""2-1"", 0.5, IF(REGEXMATCH(TO_TEXT(O34), target_regex), 0, IF(N34=""2-1"", 0.5, IF(REGEXMATCH(TO_TEXT(N3"&"4), target_regex), 0, IF(M34=""2-1"", 0.5, IF(REGEXMATCH(TO_TEXT(M34), target_regex), 0, IF(L34=""2-1"", 0.5, IF(REGEXMATCH(TO_TEXT(L34), target_regex), 0, """") )"&" )) )) )), """") )*IF($F$23=""전진"", 1, 0)"),0.0) -> 0 | Q39: =IFERROR(__xludf.DUMMYFUNCTION("LET( target_regex, ""^5$|^5-3$|^1-2$|^2-2$|^4-3$"", IF(REGEXMATCH(TO_TEXT(Q34), target_regex), IF(P34=""2-1"", 0.5, IF(REGEXMATCH(TO_TEXT(P34), target_regex), 0, IF(O34=""2-1"", 0.5, IF(REGEXMATCH(TO_TEXT(O3"&"4), target_regex), 0, IF(N34=""2-1"", 0.5, IF(REGEXMATCH(TO_TEXT(N34), target_regex), 0, IF(M34=""2-1"", 0.5, IF(REGEXMATCH(TO_TEXT(M34), target_regex), 0, """") )"&" )) )) )), """") )*IF($F$23=""전진"", 1, 0)"),0.0) -> 0 | R39: =IFERROR(__xludf.DUMMYFUNCTION("LET( target_regex, ""^5$|^5-3$|^1-2$|^2-2$|^4-3$"", IF(REGEXMATCH(TO_TEXT(R34), target_regex), IF(Q34=""2-1"", 0.5, IF(REGEXMATCH(TO_TEXT(Q34), target_regex), 0, IF(P34=""2-1"", 0.5, IF(REGEXMATCH(TO_TEXT(P3"&"4), target_regex), 0, IF(O34=""2-1"", 0.5, IF(REGEXMATCH(TO_TEXT(O34), target_regex), 0, IF(N34=""2-1"", 0.5, IF(REGEXMATCH(TO_TEXT(N34), target_regex), 0, """") )"&" )) )) )), """") )*IF($F$23=""전진"", 1, 0)"),0.0) -> 0 | S39: =IFERROR(__xludf.DUMMYFUNCTION("LET( target_regex, ""^5$|^5-3$|^1-2$|^2-2$|^4-3$"", IF(REGEXMATCH(TO_TEXT(S34), target_regex), IF(R34=""2-1"", 0.5, IF(REGEXMATCH(TO_TEXT(R34), target_regex), 0, IF(Q34=""2-1"", 0.5, IF(REGEXMATCH(TO_TEXT(Q3"&"4), target_regex), 0, IF(P34=""2-1"", 0.5, IF(REGEXMATCH(TO_TEXT(P34), target_regex), 0, IF(O34=""2-1"", 0.5, IF(REGEXMATCH(TO_TEXT(O34), target_regex), 0, """") )"&" )) )) )), """") )*IF($F$23=""전진"", 1, 0)"),0.0) -> 0 | T39: =IFERROR(__xludf.DUMMYFUNCTION("LET( target_regex, ""^5$|^5-3$|^1-2$|^2-2$|^4-3$"", IF(REGEXMATCH(TO_TEXT(T34), target_regex), IF(S34=""2-1"", 0.5, IF(REGEXMATCH(TO_TEXT(S34), target_regex), 0, IF(R34=""2-1"", 0.5, IF(REGEXMATCH(TO_TEXT(R3"&"4), target_regex), 0, IF(Q34=""2-1"", 0.5, IF(REGEXMATCH(TO_TEXT(Q34), target_regex), 0, IF(P34=""2-1"", 0.5, IF(REGEXMATCH(TO_TEXT(P34), target_regex), 0, """") )"&" )) )) )), """") )*IF($F$23=""전진"", 1, 0)"),0.0) -> 0 | U39: =IFERROR(__xludf.DUMMYFUNCTION("LET( target_regex, ""^5$|^5-3$|^1-2$|^2-2$|^4-3$"", IF(REGEXMATCH(TO_TEXT(U34), target_regex), IF(T34=""2-1"", 0.5, IF(REGEXMATCH(TO_TEXT(T34), target_regex), 0, IF(S34=""2-1"", 0.5, IF(REGEXMATCH(TO_TEXT(S3"&"4), target_regex), 0, IF(R34=""2-1"", 0.5, IF(REGEXMATCH(TO_TEXT(R34), target_regex), 0, IF(Q34=""2-1"", 0.5, IF(REGEXMATCH(TO_TEXT(Q34), target_regex), 0, """") )"&" )) )) )), """") )*IF($F$23=""전진"", 1, 0)"),0.0) -> 0 | V39: =IFERROR(__xludf.DUMMYFUNCTION("LET( target_regex, ""^5$|^5-3$|^1-2$|^2-2$|^4-3$"", IF(REGEXMATCH(TO_TEXT(V34), target_regex), IF(U34=""2-1"", 0.5, IF(REGEXMATCH(TO_TEXT(U34), target_regex), 0, IF(T34=""2-1"", 0.5, IF(REGEXMATCH(TO_TEXT(T3"&"4), target_regex), 0, IF(S34=""2-1"", 0.5, IF(REGEXMATCH(TO_TEXT(S34), target_regex), 0, IF(R34=""2-1"", 0.5, IF(REGEXMATCH(TO_TEXT(R34), target_regex), 0, """") )"&" )) )) )), """") )*IF($F$23=""전진"", 1, 0)"),0.0) -> 0 | W39: =IFERROR(__xludf.DUMMYFUNCTION("LET( target_regex, ""^5$|^5-3$|^1-2$|^2-2$|^4-3$"", IF(REGEXMATCH(TO_TEXT(W34), target_regex), IF(V34=""2-1"", 0.5, IF(REGEXMATCH(TO_TEXT(V34), target_regex), 0, IF(U34=""2-1"", 0.5, IF(REGEXMATCH(TO_TEXT(U3"&"4), target_regex), 0, IF(T34=""2-1"", 0.5, IF(REGEXMATCH(TO_TEXT(T34), target_regex), 0, IF(S34=""2-1"", 0.5, IF(REGEXMATCH(TO_TEXT(S34), target_regex), 0, """") )"&" )) )) )), """") )*IF($F$23=""전진"", 1, 0)"),0.0) -> 0 | X39: =IFERROR(__xludf.DUMMYFUNCTION("LET( target_regex, ""^5$|^5-3$|^1-2$|^2-2$|^4-3$"", IF(REGEXMATCH(TO_TEXT(X34), target_regex), IF(W34=""2-1"", 0.5, IF(REGEXMATCH(TO_TEXT(W34), target_regex), 0, IF(V34=""2-1"", 0.5, IF(REGEXMATCH(TO_TEXT(V3"&"4), target_regex), 0, IF(U34=""2-1"", 0.5, IF(REGEXMATCH(TO_TEXT(U34), target_regex), 0, IF(T34=""2-1"", 0.5, IF(REGEXMATCH(TO_TEXT(T34), target_regex), 0, """") )"&" )) )) )), """") )*IF($F$23=""전진"", 1, 0)"),0.0) -> 0 | Y39: =IFERROR(__xludf.DUMMYFUNCTION("LET( target_regex, ""^5$|^5-3$|^1-2$|^2-2$|^4-3$"", IF(REGEXMATCH(TO_TEXT(Y34), target_regex), IF(X34=""2-1"", 0.5, IF(REGEXMATCH(TO_TEXT(X34), target_regex), 0, IF(W34=""2-1"", 0.5, IF(REGEXMATCH(TO_TEXT(W3"&"4), target_regex), 0, IF(V34=""2-1"", 0.5, IF(REGEXMATCH(TO_TEXT(V34), target_regex), 0, IF(U34=""2-1"", 0.5, IF(REGEXMATCH(TO_TEXT(U34), target_regex), 0, """") )"&" )) )) )), """") )*IF($F$23=""전진"", 1, 0)"),0.0) -> 0 | Z39: =IFERROR(__xludf.DUMMYFUNCTION("LET( target_regex, ""^5$|^5-3$|^1-2$|^2-2$|^4-3$"", IF(REGEXMATCH(TO_TEXT(Z34), target_regex), IF(Y34=""2-1"", 0.5, IF(REGEXMATCH(TO_TEXT(Y34), target_regex), 0, IF(X34=""2-1"", 0.5, IF(REGEXMATCH(TO_TEXT(X3"&"4), target_regex), 0, IF(W34=""2-1"", 0.5, IF(REGEXMATCH(TO_TEXT(W34), target_regex), 0, IF(V34=""2-1"", 0.5, IF(REGEXMATCH(TO_TEXT(V34), target_regex), 0, """") )"&" )) )) )), """") )*IF($F$23=""전진"", 1, 0)"),0.0) -> 0 | AA39: =IFERROR(__xludf.DUMMYFUNCTION("LET( target_regex, ""^5$|^5-3$|^1-2$|^2-2$|^4-3$"", IF(REGEXMATCH(TO_TEXT(AA34), target_regex), IF(Z34=""2-1"", 0.5, IF(REGEXMATCH(TO_TEXT(Z34), target_regex), 0, IF(Y34=""2-1"", 0.5, IF(REGEXMATCH(TO_TEXT(Y"&"34), target_regex), 0, IF(X34=""2-1"", 0.5, IF(REGEXMATCH(TO_TEXT(X34), target_regex), 0, IF(W34=""2-1"", 0.5, IF(REGEXMATCH(TO_TEXT(W34), target_regex), 0, """") "&") )) )) )), """") )*IF($F$23=""전진"", 1, 0)"),0.0) -> 0 | AB39: =IFERROR(__xludf.DUMMYFUNCTION("LET( target_regex, ""^5$|^5-3$|^1-2$|^2-2$|^4-3$"", IF(REGEXMATCH(TO_TEXT(AB34), target_regex), IF(AA34=""2-1"", 0.5, IF(REGEXMATCH(TO_TEXT(AA34), target_regex), 0, IF(Z34=""2-1"", 0.5, IF(REGEXMATCH(TO_TEXT"&"(Z34), target_regex), 0, IF(Y34=""2-1"", 0.5, IF(REGEXMATCH(TO_TEXT(Y34), target_regex), 0, IF(X34=""2-1"", 0.5, IF(REGEXMATCH(TO_TEXT(X34), target_regex), 0, """") "&" ) )) )) )), """") )*IF($F$23=""전진"", 1, 0)"),0.0) -> 0 | AC39: =IFERROR(__xludf.DUMMYFUNCTION("LET( target_regex, ""^5$|^5-3$|^1-2$|^2-2$|^4-3$"", IF(REGEXMATCH(TO_TEXT(AC34), target_regex), IF(AB34=""2-1"", 0.5, IF(REGEXMATCH(TO_TEXT(AB34), target_regex), 0, IF(AA34=""2-1"", 0.5, IF(REGEXMATCH(TO_TEX"&"T(AA34), target_regex), 0, IF(Z34=""2-1"", 0.5, IF(REGEXMATCH(TO_TEXT(Z34), target_regex), 0, IF(Y34=""2-1"", 0.5, IF(REGEXMATCH(TO_TEXT(Y34), target_regex), 0, """") "&" ) )) )) )), """") )*IF($F$23=""전진"", 1, 0)"),0.0) -> 0 | AD39: =IFERROR(__xludf.DUMMYFUNCTION("LET( target_regex, ""^5$|^5-3$|^1-2$|^2-2$|^4-3$"", IF(REGEXMATCH(TO_TEXT(AD34), target_regex), IF(AC34=""2-1"", 0.5, IF(REGEXMATCH(TO_TEXT(AC34), target_regex), 0, IF(AB34=""2-1"", 0.5, IF(REGEXMATCH(TO_TEX"&"T(AB34), target_regex), 0, IF(AA34=""2-1"", 0.5, IF(REGEXMATCH(TO_TEXT(AA34), target_regex), 0, IF(Z34=""2-1"", 0.5, IF(REGEXMATCH(TO_TEXT(Z34), target_regex), 0, """") "&" ) )) )) )), """") )*IF($F$23=""전진"", 1, 0)"),0.0) -> 0 | AE39: =IFERROR(__xludf.DUMMYFUNCTION("LET( target_regex, ""^5$|^5-3$|^1-2$|^2-2$|^4-3$"", IF(REGEXMATCH(TO_TEXT(AE34), target_regex), IF(AD34=""2-1"", 0.5, IF(REGEXMATCH(TO_TEXT(AD34), target_regex), 0, IF(AC34=""2-1"", 0.5, IF(REGEXMATCH(TO_TEX"&"T(AC34), target_regex), 0, IF(AB34=""2-1"", 0.5, IF(REGEXMATCH(TO_TEXT(AB34), target_regex), 0, IF(AA34=""2-1"", 0.5, IF(REGEXMATCH(TO_TEXT(AA34), target_regex), 0, """") "&" ) )) )) )), """") )*IF($F$23=""전진"", 1, 0)"),0.0) -> 0 | AF39: =IFERROR(__xludf.DUMMYFUNCTION("LET( target_regex, ""^5$|^5-3$|^1-2$|^2-2$|^4-3$"", IF(REGEXMATCH(TO_TEXT(AF34), target_regex), IF(AE34=""2-1"", 0.5, IF(REGEXMATCH(TO_TEXT(AE34), target_regex), 0, IF(AD34=""2-1"", 0.5, IF(REGEXMATCH(TO_TEX"&"T(AD34), target_regex), 0, IF(AC34=""2-1"", 0.5, IF(REGEXMATCH(TO_TEXT(AC34), target_regex), 0, IF(AB34=""2-1"", 0.5, IF(REGEXMATCH(TO_TEXT(AB34), target_regex), 0, """") "&" ) )) )) )), """") )*IF($F$23=""전진"", 1, 0)"),0.0) -> 0 | AG39: =IFERROR(__xludf.DUMMYFUNCTION("LET( target_regex, ""^5$|^5-3$|^1-2$|^2-2$|^4-3$"", IF(REGEXMATCH(TO_TEXT(AG34), target_regex), IF(AF34=""2-1"", 0.5, IF(REGEXMATCH(TO_TEXT(AF34), target_regex), 0, IF(AE34=""2-1"", 0.5, IF(REGEXMATCH(TO_TEX"&"T(AE34), target_regex), 0, IF(AD34=""2-1"", 0.5, IF(REGEXMATCH(TO_TEXT(AD34), target_regex), 0, IF(AC34=""2-1"", 0.5, IF(REGEXMATCH(TO_TEXT(AC34), target_regex), 0, """") "&" ) )) )) )), """") )*IF($F$23=""전진"", 1, 0)"),0.0) -> 0 | AH39: =IFERROR(__xludf.DUMMYFUNCTION("LET( target_regex, ""^5$|^5-3$|^1-2$|^2-2$|^4-3$"", IF(REGEXMATCH(TO_TEXT(AH34), target_regex), IF(AG34=""2-1"", 0.5, IF(REGEXMATCH(TO_TEXT(AG34), target_regex), 0, IF(AF34=""2-1"", 0.5, IF(REGEXMATCH(TO_TEX"&"T(AF34), target_regex), 0, IF(AE34=""2-1"", 0.5, IF(REGEXMATCH(TO_TEXT(AE34), target_regex), 0, IF(AD34=""2-1"", 0.5, IF(REGEXMATCH(TO_TEXT(AD34), target_regex), 0, """") "&" ) )) )) )), """") )*IF($F$23=""전진"", 1, 0)"),0.0) -> 0 | AK39: 스러스트킥
C40: =IF(AND(B34="3", C34<>"3"), 0.5, "") -> 0.5 | D40: =IF(AND(C34="3", D34<>"3"), 0.5, "") | E40: =IF(AND(D34="3", E34<>"3"), 0.5, "") | F40: =IF(AND(E34="3", F34<>"3"), 0.5, "") | G40: =IF(AND(F34="3", G34<>"3"), 0.5, "") | H40: =IF(AND(G34="3", H34<>"3"), 0.5, "") | I40: =IF(AND(H34="3", I34<>"3"), 0.5, "") -> 0.5 | J40: =IF(AND(I34="3", J34<>"3"), 0.5, "") | ... AH40: =IF(AND(AG34="3", AH34<>"3"), 0.5, "") | AK40: 백스탭
C41: ='종합'!$K$9 -> 0.39599529 | D41: ='종합'!$K$9 -> 0.39599529 | E41: ='종합'!$K$9 -> 0.39599529 | F41: ='종합'!$K$9 -> 0.39599529 | G41: ='종합'!$K$9 -> 0.39599529 | H41: ='종합'!$K$9 -> 0.39599529 | I41: ='종합'!$K$9 -> 0.39599529 | J41: ='종합'!$K$9 -> 0.39599529 | ... AH41: ='종합'!$K$9 -> 0.39599529 | AK41: 강타
C42: =IF($B$23="약점", '종합'!$K$10, '종합'!$K$10*IF(C34="1-1",$AA$3,1)) -> 0.63008635 | D42: =IF($B$23="약점", '종합'!$K$10, '종합'!$K$10*IF(D34="1-1",$AA$3,1)) -> 0.63008635 | E42: =IF($B$23="약점", '종합'!$K$10, '종합'!$K$10*IF(E34="1-1",$AA$3,1)) -> 0.63008635 | F42: =IF($B$23="약점", '종합'!$K$10, '종합'!$K$10*IF(F34="1-1",$AA$3,1)) -> 0.63008635 | G42: =IF($B$23="약점", '종합'!$K$10, '종합'!$K$10*IF(G34="1-1",$AA$3,1)) -> 0.63008635 | H42: =IF($B$23="약점", '종합'!$K$10, '종합'!$K$10*IF(H34="1-1",$AA$3,1)) -> 0.63008635 | I42: =IF($B$23="약점", '종합'!$K$10, '종합'!$K$10*IF(I34="1-1",$AA$3,1)) -> 0.63008635 | J42: =IF($B$23="약점", '종합'!$K$10, '종합'!$K$10*IF(J34="1-1",$AA$3,1)) -> 0.63008635 | ... AH42: =IF($B$23="약점", '종합'!$K$10, '종합'!$K$10*IF(AH34="1-1",$AA$3,1)) -> 0.63008635 | AK42: 연타
C43: =OFFSET(INDEX($24:$24, MATCH(C34, $24:$24, 0)), 2, 1) -> 1.254176 | D43: =OFFSET(INDEX($24:$24, MATCH(D34, $24:$24, 0)), 2, 1) -> 1.164592 | E43: =OFFSET(INDEX($24:$24, MATCH(E34, $24:$24, 0)), 2, 1) -> 0.89584 | F43: =OFFSET(INDEX($24:$24, MATCH(F34, $24:$24, 0)), 2, 1) -> 1.164592 | G43: =OFFSET(INDEX($24:$24, MATCH(G34, $24:$24, 0)), 2, 1) -> 0.89584 | H43: =OFFSET(INDEX($24:$24, MATCH(H34, $24:$24, 0)), 2, 1) -> 0.761464 | I43: =OFFSET(INDEX($24:$24, MATCH(I34, $24:$24, 0)), 2, 1) -> 1.254176 | J43: =OFFSET(INDEX($24:$24, MATCH(J34, $24:$24, 0)), 2, 1) -> 1.164592 | ... AH43: =OFFSET(INDEX($24:$24, MATCH(AH34, $24:$24, 0)), 2, 1) -> 0 | AJ43: =SUM(OFFSET(A43, 0, C32, 1, C32)) -> 6.136504 | AK43: 사용시간
C44: =OFFSET(INDEX($24:$24, MATCH(C34, $24:$24, 0)), 4, 1) -> 12.6344 | D44: =OFFSET(INDEX($24:$24, MATCH(D34, $24:$24, 0)), 4, 1) | E44: =OFFSET(INDEX($24:$24, MATCH(E34, $24:$24, 0)), 4, 1) -> 13.935 | F44: =OFFSET(INDEX($24:$24, MATCH(F34, $24:$24, 0)), 4, 1) | G44: =OFFSET(INDEX($24:$24, MATCH(G34, $24:$24, 0)), 4, 1) -> 13.006 | H44: =OFFSET(INDEX($24:$24, MATCH(H34, $24:$24, 0)), 4, 1) -> 9.5 | I44: =OFFSET(INDEX($24:$24, MATCH(I34, $24:$24, 0)), 4, 1) -> 12.6344 | J44: =OFFSET(INDEX($24:$24, MATCH(J34, $24:$24, 0)), 4, 1) | ... AH44: =OFFSET(INDEX($24:$24, MATCH(AH34, $24:$24, 0)), 4, 1) | AJ44: =max(OFFSET(A44, 0, C32, 1, C32))-IF('방어구룬'!B$52=TRUE, 2.1*C32/'방어구룬'!$C$52, 0) -> 13.935 | AK44: 쿨타임
A45: 피증 | C45: =(sum(C38:C40)+'종합'!$K$7+'종합'!$K$15+'종합'!$C$8/100+IF(AND('방어구룬'!$B$39=TRUE, OR(C34="2-1", C34="4-1", C34="4-3")), 0.24, "")+IF(AND('엠블럼룬'!$B$8=TRUE, $B$23<>"약점", C34="1-1"), 0.14, "")) -> 1.4055294 | D45: =(sum(D38:D40)+'종합'!$K$7+'종합'!$K$15+'종합'!$C$8/100+IF(AND('방어구룬'!$B$39=TRUE, OR(D34="2-1", D34="4-1", D34="4-3")), 0.24, "")+IF(AND('엠블럼룬'!$B$8=TRUE, $B$23<>"약점", D34="1-1"), 0.14, "")) -> 0.40552941 | E45: =(sum(E38:E40)+'종합'!$K$7+'종합'!$K$15+'종합'!$C$8/100+IF(AND('방어구룬'!$B$39=TRUE, OR(E34="2-1", E34="4-1", E34="4-3")), 0.24, "")+IF(AND('엠블럼룬'!$B$8=TRUE, $B$23<>"약점", E34="1-1"), 0.14, "")) -> 0.40552941 | F45: =(sum(F38:F40)+'종합'!$K$7+'종합'!$K$15+'종합'!$C$8/100+IF(AND('방어구룬'!$B$39=TRUE, OR(F34="2-1", F34="4-1", F34="4-3")), 0.24, "")+IF(AND('엠블럼룬'!$B$8=TRUE, $B$23<>"약점", F34="1-1"), 0.14, "")) -> 0.40552941 | G45: =(sum(G38:G40)+'종합'!$K$7+'종합'!$K$15+'종합'!$C$8/100+IF(AND('방어구룬'!$B$39=TRUE, OR(G34="2-1", G34="4-1", G34="4-3")), 0.24, "")+IF(AND('엠블럼룬'!$B$8=TRUE, $B$23<>"약점", G34="1-1"), 0.14, "")) -> 0.40552941 | H45: =(sum(H38:H40)+'종합'!$K$7+'종합'!$K$15+'종합'!$C$8/100+IF(AND('방어구룬'!$B$39=TRUE, OR(H34="2-1", H34="4-1", H34="4-3")), 0.24, "")+IF(AND('엠블럼룬'!$B$8=TRUE, $B$23<>"약점", H34="1-1"), 0.14, "")) -> 0.25552941 | I45: =(sum(I38:I40)+'종합'!$K$7+'종합'!$K$15+'종합'!$C$8/100+IF(AND('방어구룬'!$B$39=TRUE, OR(I34="2-1", I34="4-1", I34="4-3")), 0.24, "")+IF(AND('엠블럼룬'!$B$8=TRUE, $B$23<>"약점", I34="1-1"), 0.14, "")) -> 1.4055294 | J45: =(sum(J38:J40)+'종합'!$K$7+'종합'!$K$15+'종합'!$C$8/100+IF(AND('방어구룬'!$B$39=TRUE, OR(J34="2-1", J34="4-1", J34="4-3")), 0.24, "")+IF(AND('엠블럼룬'!$B$8=TRUE, $B$23<>"약점", J34="1-1"), 0.14, "")) -> 0.40552941 | ... AH45: =(sum(AH38:AH40)+'종합'!$K$7+'종합'!$K$15+'종합'!$C$8/100+IF(AND('방어구룬'!$B$39=TRUE, OR(AH34="2-1", AH34="4-1", AH34="4-3")), 0.24, "")+IF(AND('엠블럼룬'!$B$8=TRUE, $B$23<>"약점", AH34="1-1"), 0.14, "")) -> 0.40552941 | AJ45: =IF(AJ44-AJ43 < 0, 0, AJ44-AJ43) -> 7.798496 | AK45: 남는시간
A46: 강연 | C46: =C41+C42+'종합'!$K$13 -> 1.07307 | D46: =D41+D42+'종합'!$K$13 -> 1.07307 | E46: =E41+E42+'종합'!$K$13 -> 1.07307 | F46: =F41+F42+'종합'!$K$13 -> 1.07307 | G46: =G41+G42+'종합'!$K$13 -> 1.07307 | H46: =H41+H42+'종합'!$K$13 -> 1.07307 | I46: =I41+I42+'종합'!$K$13 -> 1.07307 | J46: =J41+J42+'종합'!$K$13 -> 1.07307 | ... AH46: =AH41+AH42+'종합'!$K$13 -> 1.07307 | AJ46: =0.8*(1-'종합'!I$22) -> 0.716896 | AK46: 평타시간
A47: 치명타계수 | C47: =1-'종합'!$K$17+'종합'!$K$12*'종합'!$K$17 -> 2.4724809 | D47: =1-'종합'!$K$17+'종합'!$K$12*'종합'!$K$17 -> 2.4724809 | E47: =1-'종합'!$K$17+'종합'!$K$12*'종합'!$K$17 -> 2.4724809 | F47: =1-'종합'!$K$17+'종합'!$K$12*'종합'!$K$17 -> 2.4724809 | G47: =1-'종합'!$K$17+'종합'!$K$12*'종합'!$K$17 -> 2.4724809 | H47: =1-'종합'!$K$17+'종합'!$K$12*'종합'!$K$17 -> 2.4724809 | I47: =1-'종합'!$K$17+'종합'!$K$12*'종합'!$K$17 -> 2.4724809 | J47: =1-'종합'!$K$17+'종합'!$K$12*'종합'!$K$17 -> 2.4724809 | ... AH47: =1-'종합'!$K$17+'종합'!$K$12*'종합'!$K$17 -> 2.4724809 | AJ47: ='헬퍼테이블'!E2 -> 4 | AK47: 평타횟수
A48: 추가타계수 | C48: =1-'종합'!$K$16+'종합'!$K$11*'종합'!$K$16 -> 1.3135228 | D48: =1-'종합'!$K$16+'종합'!$K$11*'종합'!$K$16 -> 1.3135228 | E48: =1-'종합'!$K$16+'종합'!$K$11*'종합'!$K$16 -> 1.3135228 | F48: =1-'종합'!$K$16+'종합'!$K$11*'종합'!$K$16 -> 1.3135228 | G48: =1-'종합'!$K$16+'종합'!$K$11*'종합'!$K$16 -> 1.3135228 | H48: =1-'종합'!$K$16+'종합'!$K$11*'종합'!$K$16 -> 1.3135228 | I48: =1-'종합'!$K$16+'종합'!$K$11*'종합'!$K$16 -> 1.3135228 | J48: =1-'종합'!$K$16+'종합'!$K$11*'종합'!$K$16 -> 1.3135228 | ... AH48: =1-'종합'!$K$16+'종합'!$K$11*'종합'!$K$16 -> 1.3135228
A49: 계산이후스킬뎀 | C49: =C35*(1+C45)*(1+C46)*C47*C48 -> 101.58906 | D49: =D35*(1+D45)*(1+D46)*D47*D48 -> 19.295809 | E49: =E35*(1+E45)*(1+E46)*E47*E48 -> 22.9001 | F49: =F35*(1+F45)*(1+F46)*F47*F48 -> 19.295809 | G49: =G35*(1+G45)*(1+G46)*G47*G48 -> 17.275384 | H49: =H35*(1+H45)*(1+H46)*H47*H48 -> 1.4364945 | I49: =I35*(1+I45)*(1+I46)*I47*I48 -> 101.58906 | J49: =J35*(1+J45)*(1+J46)*J47*J48 -> 19.295809 | ... AH49: =AH35*(1+AH45)*(1+AH46)*AH47*AH48 -> 0
A50: 계산이후회심뎀 | C50: =C35*(1+C45)*(1+C46)*C47*C36*IF(OR(C34="1-2", C34="2-2", C34="4-1", C34="4-3", C34="5-1", C34="5-3"), 1,C48) -> 35.556171 | D50: =D35*(1+D45)*(1+D46)*D47*D36*IF(OR(D34="1-2", D34="2-2", D34="4-1", D34="4-3", D34="5-1", D34="5-3"), 1,D48) -> 0 | E50: =E35*(1+E45)*(1+E46)*E47*E36*IF(OR(E34="1-2", E34="2-2", E34="4-1", E34="4-3", E34="5-1", E34="5-3"), 1,E48) -> 0 | F50: =F35*(1+F45)*(1+F46)*F47*F36*IF(OR(F34="1-2", F34="2-2", F34="4-1", F34="4-3", F34="5-1", F34="5-3"), 1,F48) -> 5.1415425 | G50: =G35*(1+G45)*(1+G46)*G47*G36*IF(OR(G34="1-2", G34="2-2", G34="4-1", G34="4-3", G34="5-1", G34="5-3"), 1,G48) -> 0 | H50: =H35*(1+H45)*(1+H46)*H47*H36*IF(OR(H34="1-2", H34="2-2", H34="4-1", H34="4-3", H34="5-1", H34="5-3"), 1,H48) -> 0 | I50: =I35*(1+I45)*(1+I46)*I47*I36*IF(OR(I34="1-2", I34="2-2", I34="4-1", I34="4-3", I34="5-1", I34="5-3"), 1,I48) -> 35.556171 | J50: =J35*(1+J45)*(1+J46)*J47*J36*IF(OR(J34="1-2", J34="2-2", J34="4-1", J34="4-3", J34="5-1", J34="5-3"), 1,J48) -> 0 | ... AH50: =AH35*(1+AH45)*(1+AH46)*AH47*AH36*IF(OR(AH34="1-2", AH34="2-2", AH34="4-1", AH34="4-3", AH34="5-1", AH34="5-3"), 1,AH48) -> 0 | AJ50: ='헬퍼테이블'!E3 -> 9.039 | AK50: 사이클타임
A51: 합계 | B51: =SUM(OFFSET(A49, 0, C32, 2, C32)) -> 222.49037 | C51: =(1-'종합'!$K$17+'종합'!$K$12*'종합'!$K$17)*(1-'종합'!$K$16+'종합'!$K$11*'종합'!$K$16)*AJ51 -> 2.1020154 | D51: =(1-'종합'!$K$17+'종합'!$K$12*'종합'!$K$17)*(1-('종합'!$K$16+'종합'!$K$23)+'종합'!$K$11*('종합'!$K$16+'종합'!$K$23))*AJ47*if('무기룬'!$B$17=true,1.92,0.4) -> 5.1962559 | E51: =sum(B51:D51)/AJ50 -> 25.42191 | AJ51: =0.22*(1+'종합'!$C$28)*C32/3 -> 0.64724 | AK51: 사이클당충격파
C52: 충격파 | D52: 평타 | E52: dps계수
B54: ='종합'!E37&" "&'종합'!E37 -> 2352 12 2352 12 | C54: =LEN(SUBSTITUTE(B54," ",""))/2 -> 6
A55: =IFERROR(MID(SUBSTITUTE($B54," ",""),COLUMN(),1),"") -> 2 | B55: =IFERROR(MID(SUBSTITUTE($B54," ",""),COLUMN(),1),"") -> 3 | C55: =IFERROR(MID(SUBSTITUTE($B54," ",""),COLUMN(),1),"") -> 5 | D55: =IFERROR(MID(SUBSTITUTE($B54," ",""),COLUMN(),1),"") -> 2 | E55: =IFERROR(MID(SUBSTITUTE($B54," ",""),COLUMN(),1),"") -> 1 | F55: =IFERROR(MID(SUBSTITUTE($B54," ",""),COLUMN(),1),"") -> 2 | G55: =IFERROR(MID(SUBSTITUTE($B54," ",""),COLUMN(),1),"") -> 2 | H55: =IFERROR(MID(SUBSTITUTE($B54," ",""),COLUMN(),1),"") -> 3 | ... AH55: =IFERROR(MID(SUBSTITUTE($B54," ",""),COLUMN(),1),"")
A56: {=LET( digit, IFERROR(VALUE(A55), 0), r23_val, $R$23, offset_cols, IFERROR(VALUE($C$32), 0), current_col, COLUMN(), start_col_idx, IF(current_col <= offset_cols, 1, offset_cols + 1), end_col_idx, current_col - 1, is_valid_range, end_col_idx >= start_col_idx, search_range_string, IF(is_valid_range, ADDRESS(ROW(), start_col_idx) & ":" & ADDRESS(ROW(), end_col_idx), ""), search_range, IF(is_valid_range, INDIRECT(search_range_string), ""), find_closest, LAMBDA(targets, LET( match_cols, IF(ISNUMBER(MATCH(search_range, targets, 0)), COLUMN(search_range), 0), max_col, MAX(match_cols), IF(max_col=0, "NOT_FOUND", INDEX(INDIRECT(ROW()&":"&ROW()), 1, max_col)) ) ), IFS( digit=1, LET(closest, find_closest({"1-1","2-1","1-2","2-2"}), IF(OR(closest="1-2", closest="2-2", closest="NOT_FOUND"), "1-1", "1-2")), digit=2, LET(closest, find_closest({"1-1","2-1","1-2","2-2"}), IF(OR(closest="1-2", closest="2-2", closest="NOT_FOUND"), "2-1", "2-2")), digit=3, "3", digit=4, LET(closest, find_closest({"4-1","4-2","4-3"}), IFS(OR(closest="4-3", closest="NOT_FOUND"), "4-1", closest="4-1", "4-2", closest="4-2", "4-3")), digit=5, IF(r23_val="강격", "5", LET(closest, find_closest({"5-1","5-2","5-3"}), IFS(OR(closest="5-3", closest="NOT_FOUND"), "5-1", closest="5-1", "5-2", closest="5-2", "5-3"))), TRUE, "" ) )} -> 2-1 | B56: {=LET( digit, IFERROR(VALUE(B55), 0), r23_val, $R$23, offset_cols, IFERROR(VALUE($C$32), 0), current_col, COLUMN(), start_col_idx, IF(current_col <= offset_cols, 1, offset_cols + 1), end_col_idx, current_col - 1, is_valid_range, end_col_idx >= start_col_idx, search_range_string, IF(is_valid_range, ADDRESS(ROW(), start_col_idx) & ":" & ADDRESS(ROW(), end_col_idx), ""), search_range, IF(is_valid_range, INDIRECT(search_range_string), ""), find_closest, LAMBDA(targets, LET( match_cols, IF(ISNUMBER(MATCH(search_range, targets, 0)), COLUMN(search_range), 0), max_col, MAX(match_cols), IF(max_col=0, "NOT_FOUND", INDEX(INDIRECT(ROW()&":"&ROW()), 1, max_col)) ) ), IFS( digit=1, LET(closest, find_closest({"1-1","2-1","1-2","2-2"}), IF(OR(closest="1-2", closest="2-2", closest="NOT_FOUND"), "1-1", "1-2")), digit=2, LET(closest, find_closest({"1-1","2-1","1-2","2-2"}), IF(OR(closest="1-2", closest="2-2", closest="NOT_FOUND"), "2-1", "2-2")), digit=3, "3", digit=4, LET(closest, find_closest({"4-1","4-2","4-3"}), IFS(OR(closest="4-3", closest="NOT_FOUND"), "4-1", closest="4-1", "4-2", closest="4-2", "4-3")), digit=5, IF(r23_val="강격", "5", LET(closest, find_closest({"5-1","5-2","5-3"}), IFS(OR(closest="5-3", closest="NOT_FOUND"), "5-1", closest="5-1", "5-2", closest="5-2", "5-3"))), TRUE, "" ) )} -> 3 | C56: {=LET( digit, IFERROR(VALUE(C55), 0), r23_val, $R$23, offset_cols, IFERROR(VALUE($C$32), 0), current_col, COLUMN(), start_col_idx, IF(current_col <= offset_cols, 1, offset_cols + 1), end_col_idx, current_col - 1, is_valid_range, end_col_idx >= start_col_idx, search_range_string, IF(is_valid_range, ADDRESS(ROW(), start_col_idx) & ":" & ADDRESS(ROW(), end_col_idx), ""), search_range, IF(is_valid_range, INDIRECT(search_range_string), ""), find_closest, LAMBDA(targets, LET( match_cols, IF(ISNUMBER(MATCH(search_range, targets, 0)), COLUMN(search_range), 0), max_col, MAX(match_cols), IF(max_col=0, "NOT_FOUND", INDEX(INDIRECT(ROW()&":"&ROW()), 1, max_col)) ) ), IFS( digit=1, LET(closest, find_closest({"1-1","2-1","1-2","2-2"}), IF(OR(closest="1-2", closest="2-2", closest="NOT_FOUND"), "1-1", "1-2")), digit=2, LET(closest, find_closest({"1-1","2-1","1-2","2-2"}), IF(OR(closest="1-2", closest="2-2", closest="NOT_FOUND"), "2-1", "2-2")), digit=3, "3", digit=4, LET(closest, find_closest({"4-1","4-2","4-3"}), IFS(OR(closest="4-3", closest="NOT_FOUND"), "4-1", closest="4-1", "4-2", closest="4-2", "4-3")), digit=5, IF(r23_val="강격", "5", LET(closest, find_closest({"5-1","5-2","5-3"}), IFS(OR(closest="5-3", closest="NOT_FOUND"), "5-1", closest="5-1", "5-2", closest="5-2", "5-3"))), TRUE, "" ) )} -> 5 | D56: {=LET( digit, IFERROR(VALUE(D55), 0), r23_val, $R$23, offset_cols, IFERROR(VALUE($C$32), 0), current_col, COLUMN(), start_col_idx, IF(current_col <= offset_cols, 1, offset_cols + 1), end_col_idx, current_col - 1, is_valid_range, end_col_idx >= start_col_idx, search_range_string, IF(is_valid_range, ADDRESS(ROW(), start_col_idx) & ":" & ADDRESS(ROW(), end_col_idx), ""), search_range, IF(is_valid_range, INDIRECT(search_range_string), ""), find_closest, LAMBDA(targets, LET( match_cols, IF(ISNUMBER(MATCH(search_range, targets, 0)), COLUMN(search_range), 0), max_col, MAX(match_cols), IF(max_col=0, "NOT_FOUND", INDEX(INDIRECT(ROW()&":"&ROW()), 1, max_col)) ) ), IFS( digit=1, LET(closest, find_closest({"1-1","2-1","1-2","2-2"}), IF(OR(closest="1-2", closest="2-2", closest="NOT_FOUND"), "1-1", "1-2")), digit=2, LET(closest, find_closest({"1-1","2-1","1-2","2-2"}), IF(OR(closest="1-2", closest="2-2", closest="NOT_FOUND"), "2-1", "2-2")), digit=3, "3", digit=4, LET(closest, find_closest({"4-1","4-2","4-3"}), IFS(OR(closest="4-3", closest="NOT_FOUND"), "4-1", closest="4-1", "4-2", closest="4-2", "4-3")), digit=5, IF(r23_val="강격", "5", LET(closest, find_closest({"5-1","5-2","5-3"}), IFS(OR(closest="5-3", closest="NOT_FOUND"), "5-1", closest="5-1", "5-2", closest="5-2", "5-3"))), TRUE, "" ) )} -> 2-2 | E56: {=LET( digit, IFERROR(VALUE(E55), 0), r23_val, $R$23, offset_cols, IFERROR(VALUE($C$32), 0), current_col, COLUMN(), start_col_idx, IF(current_col <= offset_cols, 1, offset_cols + 1), end_col_idx, current_col - 1, is_valid_range, end_col_idx >= start_col_idx, search_range_string, IF(is_valid_range, ADDRESS(ROW(), start_col_idx) & ":" & ADDRESS(ROW(), end_col_idx), ""), search_range, IF(is_valid_range, INDIRECT(search_range_string), ""), find_closest, LAMBDA(targets, LET( match_cols, IF(ISNUMBER(MATCH(search_range, targets, 0)), COLUMN(search_range), 0), max_col, MAX(match_cols), IF(max_col=0, "NOT_FOUND", INDEX(INDIRECT(ROW()&":"&ROW()), 1, max_col)) ) ), IFS( digit=1, LET(closest, find_closest({"1-1","2-1","1-2","2-2"}), IF(OR(closest="1-2", closest="2-2", closest="NOT_FOUND"), "1-1", "1-2")), digit=2, LET(closest, find_closest({"1-1","2-1","1-2","2-2"}), IF(OR(closest="1-2", closest="2-2", closest="NOT_FOUND"), "2-1", "2-2")), digit=3, "3", digit=4, LET(closest, find_closest({"4-1","4-2","4-3"}), IFS(OR(closest="4-3", closest="NOT_FOUND"), "4-1", closest="4-1", "4-2", closest="4-2", "4-3")), digit=5, IF(r23_val="강격", "5", LET(closest, find_closest({"5-1","5-2","5-3"}), IFS(OR(closest="5-3", closest="NOT_FOUND"), "5-1", closest="5-1", "5-2", closest="5-2", "5-3"))), TRUE, "" ) )} -> 1-1 | F56: {=LET( digit, IFERROR(VALUE(F55), 0), r23_val, $R$23, offset_cols, IFERROR(VALUE($C$32), 0), current_col, COLUMN(), start_col_idx, IF(current_col <= offset_cols, 1, offset_cols + 1), end_col_idx, current_col - 1, is_valid_range, end_col_idx >= start_col_idx, search_range_string, IF(is_valid_range, ADDRESS(ROW(), start_col_idx) & ":" & ADDRESS(ROW(), end_col_idx), ""), search_range, IF(is_valid_range, INDIRECT(search_range_string), ""), find_closest, LAMBDA(targets, LET( match_cols, IF(ISNUMBER(MATCH(search_range, targets, 0)), COLUMN(search_range), 0), max_col, MAX(match_cols), IF(max_col=0, "NOT_FOUND", INDEX(INDIRECT(ROW()&":"&ROW()), 1, max_col)) ) ), IFS( digit=1, LET(closest, find_closest({"1-1","2-1","1-2","2-2"}), IF(OR(closest="1-2", closest="2-2", closest="NOT_FOUND"), "1-1", "1-2")), digit=2, LET(closest, find_closest({"1-1","2-1","1-2","2-2"}), IF(OR(closest="1-2", closest="2-2", closest="NOT_FOUND"), "2-1", "2-2")), digit=3, "3", digit=4, LET(closest, find_closest({"4-1","4-2","4-3"}), IFS(OR(closest="4-3", closest="NOT_FOUND"), "4-1", closest="4-1", "4-2", closest="4-2", "4-3")), digit=5, IF(r23_val="강격", "5", LET(closest, find_closest({"5-1","5-2","5-3"}), IFS(OR(closest="5-3", closest="NOT_FOUND"), "5-1", closest="5-1", "5-2", closest="5-2", "5-3"))), TRUE, "" ) )} -> 2-2 | G56: {=LET( digit, IFERROR(VALUE(G55), 0), r23_val, $R$23, offset_cols, IFERROR(VALUE($C$32), 0), current_col, COLUMN(), start_col_idx, IF(current_col <= offset_cols, 1, offset_cols + 1), end_col_idx, current_col - 1, is_valid_range, end_col_idx >= start_col_idx, search_range_string, IF(is_valid_range, ADDRESS(ROW(), start_col_idx) & ":" & ADDRESS(ROW(), end_col_idx), ""), search_range, IF(is_valid_range, INDIRECT(search_range_string), ""), find_closest, LAMBDA(targets, LET( match_cols, IF(ISNUMBER(MATCH(search_range, targets, 0)), COLUMN(search_range), 0), max_col, MAX(match_cols), IF(max_col=0, "NOT_FOUND", INDEX(INDIRECT(ROW()&":"&ROW()), 1, max_col)) ) ), IFS( digit=1, LET(closest, find_closest({"1-1","2-1","1-2","2-2"}), IF(OR(closest="1-2", closest="2-2", closest="NOT_FOUND"), "1-1", "1-2")), digit=2, LET(closest, find_closest({"1-1","2-1","1-2","2-2"}), IF(OR(closest="1-2", closest="2-2", closest="NOT_FOUND"), "2-1", "2-2")), digit=3, "3", digit=4, LET(closest, find_closest({"4-1","4-2","4-3"}), IFS(OR(closest="4-3", closest="NOT_FOUND"), "4-1", closest="4-1", "4-2", closest="4-2", "4-3")), digit=5, IF(r23_val="강격", "5", LET(closest, find_closest({"5-1","5-2","5-3"}), IFS(OR(closest="5-3", closest="NOT_FOUND"), "5-1", closest="5-1", "5-2", closest="5-2", "5-3"))), TRUE, "" ) )} -> 2-1 | H56: {=LET( digit, IFERROR(VALUE(H55), 0), r23_val, $R$23, offset_cols, IFERROR(VALUE($C$32), 0), current_col, COLUMN(), start_col_idx, IF(current_col <= offset_cols, 1, offset_cols + 1), end_col_idx, current_col - 1, is_valid_range, end_col_idx >= start_col_idx, search_range_string, IF(is_valid_range, ADDRESS(ROW(), start_col_idx) & ":" & ADDRESS(ROW(), end_col_idx), ""), search_range, IF(is_valid_range, INDIRECT(search_range_string), ""), find_closest, LAMBDA(targets, LET( match_cols, IF(ISNUMBER(MATCH(search_range, targets, 0)), COLUMN(search_range), 0), max_col, MAX(match_cols), IF(max_col=0, "NOT_FOUND", INDEX(INDIRECT(ROW()&":"&ROW()), 1, max_col)) ) ), IFS( digit=1, LET(closest, find_closest({"1-1","2-1","1-2","2-2"}), IF(OR(closest="1-2", closest="2-2", closest="NOT_FOUND"), "1-1", "1-2")), digit=2, LET(closest, find_closest({"1-1","2-1","1-2","2-2"}), IF(OR(closest="1-2", closest="2-2", closest="NOT_FOUND"), "2-1", "2-2")), digit=3, "3", digit=4, LET(closest, find_closest({"4-1","4-2","4-3"}), IFS(OR(closest="4-3", closest="NOT_FOUND"), "4-1", closest="4-1", "4-2", closest="4-2", "4-3")), digit=5, IF(r23_val="강격", "5", LET(closest, find_closest({"5-1","5-2","5-3"}), IFS(OR(closest="5-3", closest="NOT_FOUND"), "5-1", closest="5-1", "5-2", closest="5-2", "5-3"))), TRUE, "" ) )} -> 3 | ... AH56: {=LET( digit, IFERROR(VALUE(AH55), 0), r23_val, $R$23, offset_cols, IFERROR(VALUE($C$32), 0), current_col, COLUMN(), start_col_idx, IF(current_col <= offset_cols, 1, offset_cols + 1), end_col_idx, current_col - 1, is_valid_range, end_col_idx >= start_col_idx, search_range_string, IF(is_valid_range, ADDRESS(ROW(), start_col_idx) & ":" & ADDRESS(ROW(), end_col_idx), ""), search_range, IF(is_valid_range, INDIRECT(search_range_string), ""), find_closest, LAMBDA(targets, LET( match_cols, IF(ISNUMBER(MATCH(search_range, targets, 0)), COLUMN(search_range), 0), max_col, MAX(match_cols), IF(max_col=0, "NOT_FOUND", INDEX(INDIRECT(ROW()&":"&ROW()), 1, max_col)) ) ), IFS( digit=1, LET(closest, find_closest({"1-1","2-1","1-2","2-2"}), IF(OR(closest="1-2", closest="2-2", closest="NOT_FOUND"), "1-1", "1-2")), digit=2, LET(closest, find_closest({"1-1","2-1","1-2","2-2"}), IF(OR(closest="1-2", closest="2-2", closest="NOT_FOUND"), "2-1", "2-2")), digit=3, "3", digit=4, LET(closest, find_closest({"4-1","4-2","4-3"}), IFS(OR(closest="4-3", closest="NOT_FOUND"), "4-1", closest="4-1", "4-2", closest="4-2", "4-3")), digit=5, IF(r23_val="강격", "5", LET(closest, find_closest({"5-1","5-2","5-3"}), IFS(OR(closest="5-3", closest="NOT_FOUND"), "5-1", closest="5-1", "5-2", closest="5-2", "5-3"))), TRUE, "" ) )} | AJ56: 사이클합계 | AK56: 딜사이클
A57: =IFNA(OFFSET(INDEX($24:$24, MATCH(A56, $24:$24, 0)), 5, 1), "")*if(A56="2-2",3,1) -> 1.82559 | B57: =IFNA(OFFSET(INDEX($24:$24, MATCH(B56, $24:$24, 0)), 5, 1), "")*if(B56="2-2",3,1) -> 0.1699388 | C57: =IFNA(OFFSET(INDEX($24:$24, MATCH(C56, $24:$24, 0)), 5, 1), "")*if(C56="2-2",3,1) -> 6.27266 | D57: =IFNA(OFFSET(INDEX($24:$24, MATCH(D56, $24:$24, 0)), 5, 1), "")*if(D56="2-2",3,1) -> 6.1173 | E57: =IFNA(OFFSET(INDEX($24:$24, MATCH(E56, $24:$24, 0)), 5, 1), "")*if(E56="2-2",3,1) -> 2.4199864 | F57: =IFNA(OFFSET(INDEX($24:$24, MATCH(F56, $24:$24, 0)), 5, 1), "")*if(F56="2-2",3,1) -> 6.1173 | G57: =IFNA(OFFSET(INDEX($24:$24, MATCH(G56, $24:$24, 0)), 5, 1), "")*if(G56="2-2",3,1) -> 1.82559 | H57: =IFNA(OFFSET(INDEX($24:$24, MATCH(H56, $24:$24, 0)), 5, 1), "")*if(H56="2-2",3,1) -> 0.1699388 | ... AH57: =IFNA(OFFSET(INDEX($24:$24, MATCH(AH56, $24:$24, 0)), 5, 1), "")*if(AH56="2-2",3,1) -> 0 | AK57: 세공이후계수
C58: =IFS( OR(C56="3", ISBLANK(C56)), "", AND(B56="3", OR(A56="1-1", A56="2-1", A56="4-2", A56="5-2")), 0.35, OR(B56="1-1", B56="2-1", B56="4-2", B56="5-2"), 0.35, TRUE, "" ) -> 0.35 | D58: =IFS( OR(D56="3", ISBLANK(D56)), "", AND(C56="3", OR(B56="1-1", B56="2-1", B56="4-2", B56="5-2")), 0.35, OR(C56="1-1", C56="2-1", C56="4-2", C56="5-2"), 0.35, TRUE, "" ) | E58: =IFS( OR(E56="3", ISBLANK(E56)), "", AND(D56="3", OR(C56="1-1", C56="2-1", C56="4-2", C56="5-2")), 0.35, OR(D56="1-1", D56="2-1", D56="4-2", D56="5-2"), 0.35, TRUE, "" ) | F58: =IFS( OR(F56="3", ISBLANK(F56)), "", AND(E56="3", OR(D56="1-1", D56="2-1", D56="4-2", D56="5-2")), 0.35, OR(E56="1-1", E56="2-1", E56="4-2", E56="5-2"), 0.35, TRUE, "" ) -> 0.35 | G58: =IFS( OR(G56="3", ISBLANK(G56)), "", AND(F56="3", OR(E56="1-1", E56="2-1", E56="4-2", E56="5-2")), 0.35, OR(F56="1-1", F56="2-1", F56="4-2", F56="5-2"), 0.35, TRUE, "" ) | H58: =IFS( OR(H56="3", ISBLANK(H56)), "", AND(G56="3", OR(F56="1-1", F56="2-1", F56="4-2", F56="5-2")), 0.35, OR(G56="1-1", G56="2-1", G56="4-2", G56="5-2"), 0.35, TRUE, "" ) | I58: =IFS( OR(I56="3", ISBLANK(I56)), "", AND(H56="3", OR(G56="1-1", G56="2-1", G56="4-2", G56="5-2")), 0.35, OR(H56="1-1", H56="2-1", H56="4-2", H56="5-2"), 0.35, TRUE, "" ) -> 0.35 | J58: =IFS( OR(J56="3", ISBLANK(J56)), "", AND(I56="3", OR(H56="1-1", H56="2-1", H56="4-2", H56="5-2")), 0.35, OR(I56="1-1", I56="2-1", I56="4-2", I56="5-2"), 0.35, TRUE, "" ) | ... AH58: =IFS( OR(AH56="3", ISBLANK(AH56)), "", AND(AG56="3", OR(AF56="1-1", AF56="2-1", AF56="4-2", AF56="5-2")), 0.35, OR(AG56="1-1", AG56="2-1", AG56="4-2", AG56="5-2"), 0.35, TRUE, "" ) | AK58: 회심의일격
C59: =IF(OR(C56="4-1", C56="4-2", C56="4-3"), C57, "") | D59: =IF(OR(D56="4-1", D56="4-2", D56="4-3"), D57, "") | E59: =IF(OR(E56="4-1", E56="4-2", E56="4-3"), E57, "") | F59: =IF(OR(F56="4-1", F56="4-2", F56="4-3"), F57, "") | G59: =IF(OR(G56="4-1", G56="4-2", G56="4-3"), G57, "") | H59: =IF(OR(H56="4-1", H56="4-2", H56="4-3"), H57, "") | I59: =IF(OR(I56="4-1", I56="4-2", I56="4-3"), I57, "") | J59: =IF(OR(J56="4-1", J56="4-2", J56="4-3"), J57, "") | ... AH59: =IF(OR(AH56="4-1", AH56="4-2", AH56="4-3"), AH57, "") | AK59: 격파
C60: =if(C56="3",0,0.15) -> 0.15 | D60: =if(D56="3",0,0.15) -> 0.15 | E60: =if(E56="3",0,0.15) -> 0.15 | F60: =if(F56="3",0,0.15) -> 0.15 | G60: =if(G56="3",0,0.15) -> 0.15 | H60: =if(H56="3",0,0.15) -> 0 | I60: =if(I56="3",0,0.15) -> 0.15 | J60: =if(J56="3",0,0.15) -> 0.15 | ... AH60: =if(AH56="3",0,0.15) -> 0.15 | AK60: 연계공격
C61: =IFERROR(__xludf.DUMMYFUNCTION("LET( target_regex, ""^5$|^5-3$|^1-2$|^2-2$|^4-3$"", IF(REGEXMATCH(TO_TEXT(C56), target_regex), IF(B56=""2-1"", 0.5, IF(REGEXMATCH(TO_TEXT(B56), target_regex), 0, IF(A56=""2-1"", 0.5, IF(REGEXMATCH(TO_TEXT(A5"&"6), target_regex), 0, IF(#REF!=""2-1"", 0.5, IF(REGEXMATCH(TO_TEXT(#REF!), target_regex), 0, IF(#REF!=""2-1"", 0.5, IF(REGEXMATCH(TO_TEXT(#REF!), target_regex), 0, """") "&" ) )) )) )), """") )*IF($F$23=""전진"", 1, 0)"),0.5) -> 0.5 | D61: =IFERROR(__xludf.DUMMYFUNCTION("LET( target_regex, ""^5$|^5-3$|^1-2$|^2-2$|^4-3$"", IF(REGEXMATCH(TO_TEXT(D56), target_regex), IF(C56=""2-1"", 0.5, IF(REGEXMATCH(TO_TEXT(C56), target_regex), 0, IF(B56=""2-1"", 0.5, IF(REGEXMATCH(TO_TEXT(B5"&"6), target_regex), 0, IF(A56=""2-1"", 0.5, IF(REGEXMATCH(TO_TEXT(A56), target_regex), 0, IF(#REF!=""2-1"", 0.5, IF(REGEXMATCH(TO_TEXT(#REF!), target_regex), 0, """") "&" ) )) )) )), """") )*IF($F$23=""전진"", 1, 0)"),0.0) -> 0 | E61: =IFERROR(__xludf.DUMMYFUNCTION("LET( target_regex, ""^5$|^5-3$|^1-2$|^2-2$|^4-3$"", IF(REGEXMATCH(TO_TEXT(E56), target_regex), IF(D56=""2-1"", 0.5, IF(REGEXMATCH(TO_TEXT(D56), target_regex), 0, IF(C56=""2-1"", 0.5, IF(REGEXMATCH(TO_TEXT(C5"&"6), target_regex), 0, IF(B56=""2-1"", 0.5, IF(REGEXMATCH(TO_TEXT(B56), target_regex), 0, IF(A56=""2-1"", 0.5, IF(REGEXMATCH(TO_TEXT(A56), target_regex), 0, """") )"&" )) )) )), """") )*IF($F$23=""전진"", 1, 0)"),0.0) -> 0 | F61: =IFERROR(__xludf.DUMMYFUNCTION("LET( target_regex, ""^5$|^5-3$|^1-2$|^2-2$|^4-3$"", IF(REGEXMATCH(TO_TEXT(F56), target_regex), IF(E56=""2-1"", 0.5, IF(REGEXMATCH(TO_TEXT(E56), target_regex), 0, IF(D56=""2-1"", 0.5, IF(REGEXMATCH(TO_TEXT(D5"&"6), target_regex), 0, IF(C56=""2-1"", 0.5, IF(REGEXMATCH(TO_TEXT(C56), target_regex), 0, IF(B56=""2-1"", 0.5, IF(REGEXMATCH(TO_TEXT(B56), target_regex), 0, """") )"&" )) )) )), """") )*IF($F$23=""전진"", 1, 0)"),0.0) -> 0 | G61: =IFERROR(__xludf.DUMMYFUNCTION("LET( target_regex, ""^5$|^5-3$|^1-2$|^2-2$|^4-3$"", IF(REGEXMATCH(TO_TEXT(G56), target_regex), IF(F56=""2-1"", 0.5, IF(REGEXMATCH(TO_TEXT(F56), target_regex), 0, IF(E56=""2-1"", 0.5, IF(REGEXMATCH(TO_TEXT(E5"&"6), target_regex), 0, IF(D56=""2-1"", 0.5, IF(REGEXMATCH(TO_TEXT(D56), target_regex), 0, IF(C56=""2-1"", 0.5, IF(REGEXMATCH(TO_TEXT(C56), target_regex), 0, """") )"&" )) )) )), """") )*IF($F$23=""전진"", 1, 0)"),0.0) -> 0 | H61: =IFERROR(__xludf.DUMMYFUNCTION("LET( target_regex, ""^5$|^5-3$|^1-2$|^2-2$|^4-3$"", IF(REGEXMATCH(TO_TEXT(H56), target_regex), IF(G56=""2-1"", 0.5, IF(REGEXMATCH(TO_TEXT(G56), target_regex), 0, IF(F56=""2-1"", 0.5, IF(REGEXMATCH(TO_TEXT(F5"&"6), target_regex), 0, IF(E56=""2-1"", 0.5, IF(REGEXMATCH(TO_TEXT(E56), target_regex), 0, IF(D56=""2-1"", 0.5, IF(REGEXMATCH(TO_TEXT(D56), target_regex), 0, """") )"&" )) )) )), """") )*IF($F$23=""전진"", 1, 0)"),0.0) -> 0 | I61: =IFERROR(__xludf.DUMMYFUNCTION("LET( target_regex, ""^5$|^5-3$|^1-2$|^2-2$|^4-3$"", IF(REGEXMATCH(TO_TEXT(I56), target_regex), IF(H56=""2-1"", 0.5, IF(REGEXMATCH(TO_TEXT(H56), target_regex), 0, IF(G56=""2-1"", 0.5, IF(REGEXMATCH(TO_TEXT(G5"&"6), target_regex), 0, IF(F56=""2-1"", 0.5, IF(REGEXMATCH(TO_TEXT(F56), target_regex), 0, IF(E56=""2-1"", 0.5, IF(REGEXMATCH(TO_TEXT(E56), target_regex), 0, """") )"&" )) )) )), """") )*IF($F$23=""전진"", 1, 0)"),0.5) -> 0.5 | J61: =IFERROR(__xludf.DUMMYFUNCTION("LET( target_regex, ""^5$|^5-3$|^1-2$|^2-2$|^4-3$"", IF(REGEXMATCH(TO_TEXT(J56), target_regex), IF(I56=""2-1"", 0.5, IF(REGEXMATCH(TO_TEXT(I56), target_regex), 0, IF(H56=""2-1"", 0.5, IF(REGEXMATCH(TO_TEXT(H5"&"6), target_regex), 0, IF(G56=""2-1"", 0.5, IF(REGEXMATCH(TO_TEXT(G56), target_regex), 0, IF(F56=""2-1"", 0.5, IF(REGEXMATCH(TO_TEXT(F56), target_regex), 0, """") )"&" )) )) )), """") )*IF($F$23=""전진"", 1, 0)"),0.0) -> 0 | K61: =IFERROR(__xludf.DUMMYFUNCTION("LET( target_regex, ""^5$|^5-3$|^1-2$|^2-2$|^4-3$"", IF(REGEXMATCH(TO_TEXT(K56), target_regex), IF(J56=""2-1"", 0.5, IF(REGEXMATCH(TO_TEXT(J56), target_regex), 0, IF(I56=""2-1"", 0.5, IF(REGEXMATCH(TO_TEXT(I5"&"6), target_regex), 0, IF(H56=""2-1"", 0.5, IF(REGEXMATCH(TO_TEXT(H56), target_regex), 0, IF(G56=""2-1"", 0.5, IF(REGEXMATCH(TO_TEXT(G56), target_regex), 0, """") )"&" )) )) )), """") )*IF($F$23=""전진"", 1, 0)"),0.0) -> 0 | L61: =IFERROR(__xludf.DUMMYFUNCTION("LET( target_regex, ""^5$|^5-3$|^1-2$|^2-2$|^4-3$"", IF(REGEXMATCH(TO_TEXT(L56), target_regex), IF(K56=""2-1"", 0.5, IF(REGEXMATCH(TO_TEXT(K56), target_regex), 0, IF(J56=""2-1"", 0.5, IF(REGEXMATCH(TO_TEXT(J5"&"6), target_regex), 0, IF(I56=""2-1"", 0.5, IF(REGEXMATCH(TO_TEXT(I56), target_regex), 0, IF(H56=""2-1"", 0.5, IF(REGEXMATCH(TO_TEXT(H56), target_regex), 0, """") )"&" )) )) )), """") )*IF($F$23=""전진"", 1, 0)"),0.0) -> 0 | M61: =IFERROR(__xludf.DUMMYFUNCTION("LET( target_regex, ""^5$|^5-3$|^1-2$|^2-2$|^4-3$"", IF(REGEXMATCH(TO_TEXT(M56), target_regex), IF(L56=""2-1"", 0.5, IF(REGEXMATCH(TO_TEXT(L56), target_regex), 0, IF(K56=""2-1"", 0.5, IF(REGEXMATCH(TO_TEXT(K5"&"6), target_regex), 0, IF(J56=""2-1"", 0.5, IF(REGEXMATCH(TO_TEXT(J56), target_regex), 0, IF(I56=""2-1"", 0.5, IF(REGEXMATCH(TO_TEXT(I56), target_regex), 0, """") )"&" )) )) )), """") )*IF($F$23=""전진"", 1, 0)"),0.0) -> 0 | N61: =IFERROR(__xludf.DUMMYFUNCTION("LET( target_regex, ""^5$|^5-3$|^1-2$|^2-2$|^4-3$"", IF(REGEXMATCH(TO_TEXT(N56), target_regex), IF(M56=""2-1"", 0.5, IF(REGEXMATCH(TO_TEXT(M56), target_regex), 0, IF(L56=""2-1"", 0.5, IF(REGEXMATCH(TO_TEXT(L5"&"6), target_regex), 0, IF(K56=""2-1"", 0.5, IF(REGEXMATCH(TO_TEXT(K56), target_regex), 0, IF(J56=""2-1"", 0.5, IF(REGEXMATCH(TO_TEXT(J56), target_regex), 0, """") )"&" )) )) )), """") )*IF($F$23=""전진"", 1, 0)"),0.0) -> 0 | O61: =IFERROR(__xludf.DUMMYFUNCTION("LET( target_regex, ""^5$|^5-3$|^1-2$|^2-2$|^4-3$"", IF(REGEXMATCH(TO_TEXT(O56), target_regex), IF(N56=""2-1"", 0.5, IF(REGEXMATCH(TO_TEXT(N56), target_regex), 0, IF(M56=""2-1"", 0.5, IF(REGEXMATCH(TO_TEXT(M5"&"6), target_regex), 0, IF(L56=""2-1"", 0.5, IF(REGEXMATCH(TO_TEXT(L56), target_regex), 0, IF(K56=""2-1"", 0.5, IF(REGEXMATCH(TO_TEXT(K56), target_regex), 0, """") )"&" )) )) )), """") )*IF($F$23=""전진"", 1, 0)"),0.0) -> 0 | P61: =IFERROR(__xludf.DUMMYFUNCTION("LET( target_regex, ""^5$|^5-3$|^1-2$|^2-2$|^4-3$"", IF(REGEXMATCH(TO_TEXT(P56), target_regex), IF(O56=""2-1"", 0.5, IF(REGEXMATCH(TO_TEXT(O56), target_regex), 0, IF(N56=""2-1"", 0.5, IF(REGEXMATCH(TO_TEXT(N5"&"6), target_regex), 0, IF(M56=""2-1"", 0.5, IF(REGEXMATCH(TO_TEXT(M56), target_regex), 0, IF(L56=""2-1"", 0.5, IF(REGEXMATCH(TO_TEXT(L56), target_regex), 0, """") )"&" )) )) )), """") )*IF($F$23=""전진"", 1, 0)"),0.0) -> 0 | Q61: =IFERROR(__xludf.DUMMYFUNCTION("LET( target_regex, ""^5$|^5-3$|^1-2$|^2-2$|^4-3$"", IF(REGEXMATCH(TO_TEXT(Q56), target_regex), IF(P56=""2-1"", 0.5, IF(REGEXMATCH(TO_TEXT(P56), target_regex), 0, IF(O56=""2-1"", 0.5, IF(REGEXMATCH(TO_TEXT(O5"&"6), target_regex), 0, IF(N56=""2-1"", 0.5, IF(REGEXMATCH(TO_TEXT(N56), target_regex), 0, IF(M56=""2-1"", 0.5, IF(REGEXMATCH(TO_TEXT(M56), target_regex), 0, """") )"&" )) )) )), """") )*IF($F$23=""전진"", 1, 0)"),0.0) -> 0 | R61: =IFERROR(__xludf.DUMMYFUNCTION("LET( target_regex, ""^5$|^5-3$|^1-2$|^2-2$|^4-3$"", IF(REGEXMATCH(TO_TEXT(R56), target_regex), IF(Q56=""2-1"", 0.5, IF(REGEXMATCH(TO_TEXT(Q56), target_regex), 0, IF(P56=""2-1"", 0.5, IF(REGEXMATCH(TO_TEXT(P5"&"6), target_regex), 0, IF(O56=""2-1"", 0.5, IF(REGEXMATCH(TO_TEXT(O56), target_regex), 0, IF(N56=""2-1"", 0.5, IF(REGEXMATCH(TO_TEXT(N56), target_regex), 0, """") )"&" )) )) )), """") )*IF($F$23=""전진"", 1, 0)"),0.0) -> 0 | S61: =IFERROR(__xludf.DUMMYFUNCTION("LET( target_regex, ""^5$|^5-3$|^1-2$|^2-2$|^4-3$"", IF(REGEXMATCH(TO_TEXT(S56), target_regex), IF(R56=""2-1"", 0.5, IF(REGEXMATCH(TO_TEXT(R56), target_regex), 0, IF(Q56=""2-1"", 0.5, IF(REGEXMATCH(TO_TEXT(Q5"&"6), target_regex), 0, IF(P56=""2-1"", 0.5, IF(REGEXMATCH(TO_TEXT(P56), target_regex), 0, IF(O56=""2-1"", 0.5, IF(REGEXMATCH(TO_TEXT(O56), target_regex), 0, """") )"&" )) )) )), """") )*IF($F$23=""전진"", 1, 0)"),0.0) -> 0 | T61: =IFERROR(__xludf.DUMMYFUNCTION("LET( target_regex, ""^5$|^5-3$|^1-2$|^2-2$|^4-3$"", IF(REGEXMATCH(TO_TEXT(T56), target_regex), IF(S56=""2-1"", 0.5, IF(REGEXMATCH(TO_TEXT(S56), target_regex), 0, IF(R56=""2-1"", 0.5, IF(REGEXMATCH(TO_TEXT(R5"&"6), target_regex), 0, IF(Q56=""2-1"", 0.5, IF(REGEXMATCH(TO_TEXT(Q56), target_regex), 0, IF(P56=""2-1"", 0.5, IF(REGEXMATCH(TO_TEXT(P56), target_regex), 0, """") )"&" )) )) )), """") )*IF($F$23=""전진"", 1, 0)"),0.0) -> 0 | U61: =IFERROR(__xludf.DUMMYFUNCTION("LET( target_regex, ""^5$|^5-3$|^1-2$|^2-2$|^4-3$"", IF(REGEXMATCH(TO_TEXT(U56), target_regex), IF(T56=""2-1"", 0.5, IF(REGEXMATCH(TO_TEXT(T56), target_regex), 0, IF(S56=""2-1"", 0.5, IF(REGEXMATCH(TO_TEXT(S5"&"6), target_regex), 0, IF(R56=""2-1"", 0.5, IF(REGEXMATCH(TO_TEXT(R56), target_regex), 0, IF(Q56=""2-1"", 0.5, IF(REGEXMATCH(TO_TEXT(Q56), target_regex), 0, """") )"&" )) )) )), """") )*IF($F$23=""전진"", 1, 0)"),0.0) -> 0 | V61: =IFERROR(__xludf.DUMMYFUNCTION("LET( target_regex, ""^5$|^5-3$|^1-2$|^2-2$|^4-3$"", IF(REGEXMATCH(TO_TEXT(V56), target_regex), IF(U56=""2-1"", 0.5, IF(REGEXMATCH(TO_TEXT(U56), target_regex), 0, IF(T56=""2-1"", 0.5, IF(REGEXMATCH(TO_TEXT(T5"&"6), target_regex), 0, IF(S56=""2-1"", 0.5, IF(REGEXMATCH(TO_TEXT(S56), target_regex), 0, IF(R56=""2-1"", 0.5, IF(REGEXMATCH(TO_TEXT(R56), target_regex), 0, """") )"&" )) )) )), """") )*IF($F$23=""전진"", 1, 0)"),0.0) -> 0 | W61: =IFERROR(__xludf.DUMMYFUNCTION("LET( target_regex, ""^5$|^5-3$|^1-2$|^2-2$|^4-3$"", IF(REGEXMATCH(TO_TEXT(W56), target_regex), IF(V56=""2-1"", 0.5, IF(REGEXMATCH(TO_TEXT(V56), target_regex), 0, IF(U56=""2-1"", 0.5, IF(REGEXMATCH(TO_TEXT(U5"&"6), target_regex), 0, IF(T56=""2-1"", 0.5, IF(REGEXMATCH(TO_TEXT(T56), target_regex), 0, IF(S56=""2-1"", 0.5, IF(REGEXMATCH(TO_TEXT(S56), target_regex), 0, """") )"&" )) )) )), """") )*IF($F$23=""전진"", 1, 0)"),0.0) -> 0 | X61: =IFERROR(__xludf.DUMMYFUNCTION("LET( target_regex, ""^5$|^5-3$|^1-2$|^2-2$|^4-3$"", IF(REGEXMATCH(TO_TEXT(X56), target_regex), IF(W56=""2-1"", 0.5, IF(REGEXMATCH(TO_TEXT(W56), target_regex), 0, IF(V56=""2-1"", 0.5, IF(REGEXMATCH(TO_TEXT(V5"&"6), target_regex), 0, IF(U56=""2-1"", 0.5, IF(REGEXMATCH(TO_TEXT(U56), target_regex), 0, IF(T56=""2-1"", 0.5, IF(REGEXMATCH(TO_TEXT(T56), target_regex), 0, """") )"&" )) )) )), """") )*IF($F$23=""전진"", 1, 0)"),0.0) -> 0 | Y61: =IFERROR(__xludf.DUMMYFUNCTION("LET( target_regex, ""^5$|^5-3$|^1-2$|^2-2$|^4-3$"", IF(REGEXMATCH(TO_TEXT(Y56), target_regex), IF(X56=""2-1"", 0.5, IF(REGEXMATCH(TO_TEXT(X56), target_regex), 0, IF(W56=""2-1"", 0.5, IF(REGEXMATCH(TO_TEXT(W5"&"6), target_regex), 0, IF(V56=""2-1"", 0.5, IF(REGEXMATCH(TO_TEXT(V56), target_regex), 0, IF(U56=""2-1"", 0.5, IF(REGEXMATCH(TO_TEXT(U56), target_regex), 0, """") )"&" )) )) )), """") )*IF($F$23=""전진"", 1, 0)"),0.0) -> 0 | Z61: =IFERROR(__xludf.DUMMYFUNCTION("LET( target_regex, ""^5$|^5-3$|^1-2$|^2-2$|^4-3$"", IF(REGEXMATCH(TO_TEXT(Z56), target_regex), IF(Y56=""2-1"", 0.5, IF(REGEXMATCH(TO_TEXT(Y56), target_regex), 0, IF(X56=""2-1"", 0.5, IF(REGEXMATCH(TO_TEXT(X5"&"6), target_regex), 0, IF(W56=""2-1"", 0.5, IF(REGEXMATCH(TO_TEXT(W56), target_regex), 0, IF(V56=""2-1"", 0.5, IF(REGEXMATCH(TO_TEXT(V56), target_regex), 0, """") )"&" )) )) )), """") )*IF($F$23=""전진"", 1, 0)"),0.0) -> 0 | AA61: =IFERROR(__xludf.DUMMYFUNCTION("LET( target_regex, ""^5$|^5-3$|^1-2$|^2-2$|^4-3$"", IF(REGEXMATCH(TO_TEXT(AA56), target_regex), IF(Z56=""2-1"", 0.5, IF(REGEXMATCH(TO_TEXT(Z56), target_regex), 0, IF(Y56=""2-1"", 0.5, IF(REGEXMATCH(TO_TEXT(Y"&"56), target_regex), 0, IF(X56=""2-1"", 0.5, IF(REGEXMATCH(TO_TEXT(X56), target_regex), 0, IF(W56=""2-1"", 0.5, IF(REGEXMATCH(TO_TEXT(W56), target_regex), 0, """") "&") )) )) )), """") )*IF($F$23=""전진"", 1, 0)"),0.0) -> 0 | AB61: =IFERROR(__xludf.DUMMYFUNCTION("LET( target_regex, ""^5$|^5-3$|^1-2$|^2-2$|^4-3$"", IF(REGEXMATCH(TO_TEXT(AB56), target_regex), IF(AA56=""2-1"", 0.5, IF(REGEXMATCH(TO_TEXT(AA56), target_regex), 0, IF(Z56=""2-1"", 0.5, IF(REGEXMATCH(TO_TEXT"&"(Z56), target_regex), 0, IF(Y56=""2-1"", 0.5, IF(REGEXMATCH(TO_TEXT(Y56), target_regex), 0, IF(X56=""2-1"", 0.5, IF(REGEXMATCH(TO_TEXT(X56), target_regex), 0, """") "&" ) )) )) )), """") )*IF($F$23=""전진"", 1, 0)"),0.0) -> 0 | AC61: =IFERROR(__xludf.DUMMYFUNCTION("LET( target_regex, ""^5$|^5-3$|^1-2$|^2-2$|^4-3$"", IF(REGEXMATCH(TO_TEXT(AC56), target_regex), IF(AB56=""2-1"", 0.5, IF(REGEXMATCH(TO_TEXT(AB56), target_regex), 0, IF(AA56=""2-1"", 0.5, IF(REGEXMATCH(TO_TEX"&"T(AA56), target_regex), 0, IF(Z56=""2-1"", 0.5, IF(REGEXMATCH(TO_TEXT(Z56), target_regex), 0, IF(Y56=""2-1"", 0.5, IF(REGEXMATCH(TO_TEXT(Y56), target_regex), 0, """") "&" ) )) )) )), """") )*IF($F$23=""전진"", 1, 0)"),0.0) -> 0 | AD61: =IFERROR(__xludf.DUMMYFUNCTION("LET( target_regex, ""^5$|^5-3$|^1-2$|^2-2$|^4-3$"", IF(REGEXMATCH(TO_TEXT(AD56), target_regex), IF(AC56=""2-1"", 0.5, IF(REGEXMATCH(TO_TEXT(AC56), target_regex), 0, IF(AB56=""2-1"", 0.5, IF(REGEXMATCH(TO_TEX"&"T(AB56), target_regex), 0, IF(AA56=""2-1"", 0.5, IF(REGEXMATCH(TO_TEXT(AA56), target_regex), 0, IF(Z56=""2-1"", 0.5, IF(REGEXMATCH(TO_TEXT(Z56), target_regex), 0, """") "&" ) )) )) )), """") )*IF($F$23=""전진"", 1, 0)"),0.0) -> 0 | AE61: =IFERROR(__xludf.DUMMYFUNCTION("LET( target_regex, ""^5$|^5-3$|^1-2$|^2-2$|^4-3$"", IF(REGEXMATCH(TO_TEXT(AE56), target_regex), IF(AD56=""2-1"", 0.5, IF(REGEXMATCH(TO_TEXT(AD56), target_regex), 0, IF(AC56=""2-1"", 0.5, IF(REGEXMATCH(TO_TEX"&"T(AC56), target_regex), 0, IF(AB56=""2-1"", 0.5, IF(REGEXMATCH(TO_TEXT(AB56), target_regex), 0, IF(AA56=""2-1"", 0.5, IF(REGEXMATCH(TO_TEXT(AA56), target_regex), 0, """") "&" ) )) )) )), """") )*IF($F$23=""전진"", 1, 0)"),0.0) -> 0 | AF61: =IFERROR(__xludf.DUMMYFUNCTION("LET( target_regex, ""^5$|^5-3$|^1-2$|^2-2$|^4-3$"", IF(REGEXMATCH(TO_TEXT(AF56), target_regex), IF(AE56=""2-1"", 0.5, IF(REGEXMATCH(TO_TEXT(AE56), target_regex), 0, IF(AD56=""2-1"", 0.5, IF(REGEXMATCH(TO_TEX"&"T(AD56), target_regex), 0, IF(AC56=""2-1"", 0.5, IF(REGEXMATCH(TO_TEXT(AC56), target_regex), 0, IF(AB56=""2-1"", 0.5, IF(REGEXMATCH(TO_TEXT(AB56), target_regex), 0, """") "&" ) )) )) )), """") )*IF($F$23=""전진"", 1, 0)"),0.0) -> 0 | AG61: =IFERROR(__xludf.DUMMYFUNCTION("LET( target_regex, ""^5$|^5-3$|^1-2$|^2-2$|^4-3$"", IF(REGEXMATCH(TO_TEXT(AG56), target_regex), IF(AF56=""2-1"", 0.5, IF(REGEXMATCH(TO_TEXT(AF56), target_regex), 0, IF(AE56=""2-1"", 0.5, IF(REGEXMATCH(TO_TEX"&"T(AE56), target_regex), 0, IF(AD56=""2-1"", 0.5, IF(REGEXMATCH(TO_TEXT(AD56), target_regex), 0, IF(AC56=""2-1"", 0.5, IF(REGEXMATCH(TO_TEXT(AC56), target_regex), 0, """") "&" ) )) )) )), """") )*IF($F$23=""전진"", 1, 0)"),0.0) -> 0 | AH61: =IFERROR(__xludf.DUMMYFUNCTION("LET( target_regex, ""^5$|^5-3$|^1-2$|^2-2$|^4-3$"", IF(REGEXMATCH(TO_TEXT(AH56), target_regex), IF(AG56=""2-1"", 0.5, IF(REGEXMATCH(TO_TEXT(AG56), target_regex), 0, IF(AF56=""2-1"", 0.5, IF(REGEXMATCH(TO_TEX"&"T(AF56), target_regex), 0, IF(AE56=""2-1"", 0.5, IF(REGEXMATCH(TO_TEXT(AE56), target_regex), 0, IF(AD56=""2-1"", 0.5, IF(REGEXMATCH(TO_TEXT(AD56), target_regex), 0, """") "&" ) )) )) )), """") )*IF($F$23=""전진"", 1, 0)"),0.0) -> 0 | AK61: 스러스트킥
C62: =IF(AND(B56="3", C56<>"3"), 0.5, "") -> 0.5 | D62: =IF(AND(C56="3", D56<>"3"), 0.5, "") | E62: =IF(AND(D56="3", E56<>"3"), 0.5, "") | F62: =IF(AND(E56="3", F56<>"3"), 0.5, "") | G62: =IF(AND(F56="3", G56<>"3"), 0.5, "") | H62: =IF(AND(G56="3", H56<>"3"), 0.5, "") | I62: =IF(AND(H56="3", I56<>"3"), 0.5, "") -> 0.5 | J62: =IF(AND(I56="3", J56<>"3"), 0.5, "") | ... AH62: =IF(AND(AG56="3", AH56<>"3"), 0.5, "") | AK62: 백스탭
C63: ='종합'!$K$9 -> 0.39599529 | D63: ='종합'!$K$9 -> 0.39599529 | E63: ='종합'!$K$9 -> 0.39599529 | F63: ='종합'!$K$9 -> 0.39599529 | G63: ='종합'!$K$9 -> 0.39599529 | H63: ='종합'!$K$9 -> 0.39599529 | I63: ='종합'!$K$9 -> 0.39599529 | J63: ='종합'!$K$9 -> 0.39599529 | ... AH63: ='종합'!$K$9 -> 0.39599529 | AK63: 강타
C64: =IF($B$23="약점", '종합'!$K$10, '종합'!$K$10*IF(C56="1-1",$AA$3,1)) -> 0.63008635 | D64: =IF($B$23="약점", '종합'!$K$10, '종합'!$K$10*IF(D56="1-1",$AA$3,1)) -> 0.63008635 | E64: =IF($B$23="약점", '종합'!$K$10, '종합'!$K$10*IF(E56="1-1",$AA$3,1)) -> 0.63008635 | F64: =IF($B$23="약점", '종합'!$K$10, '종합'!$K$10*IF(F56="1-1",$AA$3,1)) -> 0.63008635 | G64: =IF($B$23="약점", '종합'!$K$10, '종합'!$K$10*IF(G56="1-1",$AA$3,1)) -> 0.63008635 | H64: =IF($B$23="약점", '종합'!$K$10, '종합'!$K$10*IF(H56="1-1",$AA$3,1)) -> 0.63008635 | I64: =IF($B$23="약점", '종합'!$K$10, '종합'!$K$10*IF(I56="1-1",$AA$3,1)) -> 0.63008635 | J64: =IF($B$23="약점", '종합'!$K$10, '종합'!$K$10*IF(J56="1-1",$AA$3,1)) -> 0.63008635 | ... AH64: =IF($B$23="약점", '종합'!$K$10, '종합'!$K$10*IF(AH56="1-1",$AA$3,1)) -> 0.63008635 | AK64: 연타
C65: {=OFFSET(INDEX($24:$24, MATCH(C56, $24:$24, 0)), 2, 0)*(1-('종합'!$K$21+if('방어구룬'!$B$20=true,0.24,0)))} -> 1.254176 | D65: {=OFFSET(INDEX($24:$24, MATCH(D56, $24:$24, 0)), 2, 0)*(1-('종합'!$K$21+if('방어구룬'!$B$20=true,0.24,0)))} -> 1.164592 | E65: {=OFFSET(INDEX($24:$24, MATCH(E56, $24:$24, 0)), 2, 0)*(1-('종합'!$K$21+if('방어구룬'!$B$20=true,0.24,0)))} -> 0.89584 | F65: {=OFFSET(INDEX($24:$24, MATCH(F56, $24:$24, 0)), 2, 0)*(1-('종합'!$K$21+if('방어구룬'!$B$20=true,0.24,0)))} -> 1.164592 | G65: {=OFFSET(INDEX($24:$24, MATCH(G56, $24:$24, 0)), 2, 0)*(1-('종합'!$K$21+if('방어구룬'!$B$20=true,0.24,0)))} -> 0.89584 | H65: {=OFFSET(INDEX($24:$24, MATCH(H56, $24:$24, 0)), 2, 0)*(1-('종합'!$K$21+if('방어구룬'!$B$20=true,0.24,0)))} -> 0.761464 | I65: {=OFFSET(INDEX($24:$24, MATCH(I56, $24:$24, 0)), 2, 0)*(1-('종합'!$K$21+if('방어구룬'!$B$20=true,0.24,0)))} -> 1.254176 | J65: {=OFFSET(INDEX($24:$24, MATCH(J56, $24:$24, 0)), 2, 0)*(1-('종합'!$K$21+if('방어구룬'!$B$20=true,0.24,0)))} -> 1.164592 | ... AH65: {=OFFSET(INDEX($24:$24, MATCH(AH56, $24:$24, 0)), 2, 0)*(1-('종합'!$K$21+if('방어구룬'!$B$20=true,0.24,0)))} -> 0 | AJ65: =SUM(OFFSET(A65, 0, C54, 1, C54)) -> 6.136504 | AK65: 사용시간
C66: =OFFSET(INDEX($24:$24, MATCH(C56, $24:$24, 0)), 4, 1) -> 12.6344 | D66: =OFFSET(INDEX($24:$24, MATCH(D56, $24:$24, 0)), 4, 1) | E66: =OFFSET(INDEX($24:$24, MATCH(E56, $24:$24, 0)), 4, 1) -> 13.935 | F66: =OFFSET(INDEX($24:$24, MATCH(F56, $24:$24, 0)), 4, 1) | G66: =OFFSET(INDEX($24:$24, MATCH(G56, $24:$24, 0)), 4, 1) -> 13.006 | H66: =OFFSET(INDEX($24:$24, MATCH(H56, $24:$24, 0)), 4, 1) -> 9.5 | I66: =OFFSET(INDEX($24:$24, MATCH(I56, $24:$24, 0)), 4, 1) -> 12.6344 | J66: =OFFSET(INDEX($24:$24, MATCH(J56, $24:$24, 0)), 4, 1) | ... AH66: =OFFSET(INDEX($24:$24, MATCH(AH56, $24:$24, 0)), 4, 1) | AJ66: =max(OFFSET(A66, 0, C54, 1, C54))-IF('방어구룬'!B$52=TRUE, 2.1*C32/'방어구룬'!$C$52, 0) -> 13.935 | AK66: 쿨타임
A67: 피증 | C67: =(sum(C60:C62)+'종합'!$K$7+'종합'!$K$15+'종합'!$C$8/100+IF(AND('방어구룬'!$B$39=TRUE, OR(C56="2-1", C56="4-1", C56="4-3")), 0.24, "")+IF(AND('엠블럼룬'!$B$8=TRUE, $B$23<>"약점", C56="1-1"), 0.14, "")) -> 1.4055294 | D67: =(sum(D60:D62)+'종합'!$K$7+'종합'!$K$15+'종합'!$C$8/100+IF(AND('방어구룬'!$B$39=TRUE, OR(D56="2-1", D56="4-1", D56="4-3")), 0.24, "")+IF(AND('엠블럼룬'!$B$8=TRUE, $B$23<>"약점", D56="1-1"), 0.14, "")) -> 0.40552941 | E67: =(sum(E60:E62)+'종합'!$K$7+'종합'!$K$15+'종합'!$C$8/100+IF(AND('방어구룬'!$B$39=TRUE, OR(E56="2-1", E56="4-1", E56="4-3")), 0.24, "")+IF(AND('엠블럼룬'!$B$8=TRUE, $B$23<>"약점", E56="1-1"), 0.14, "")) -> 0.40552941 | F67: =(sum(F60:F62)+'종합'!$K$7+'종합'!$K$15+'종합'!$C$8/100+IF(AND('방어구룬'!$B$39=TRUE, OR(F56="2-1", F56="4-1", F56="4-3")), 0.24, "")+IF(AND('엠블럼룬'!$B$8=TRUE, $B$23<>"약점", F56="1-1"), 0.14, "")) -> 0.40552941 | G67: =(sum(G60:G62)+'종합'!$K$7+'종합'!$K$15+'종합'!$C$8/100+IF(AND('방어구룬'!$B$39=TRUE, OR(G56="2-1", G56="4-1", G56="4-3")), 0.24, "")+IF(AND('엠블럼룬'!$B$8=TRUE, $B$23<>"약점", G56="1-1"), 0.14, "")) -> 0.40552941 | H67: =(sum(H60:H62)+'종합'!$K$7+'종합'!$K$15+'종합'!$C$8/100+IF(AND('방어구룬'!$B$39=TRUE, OR(H56="2-1", H56="4-1", H56="4-3")), 0.24, "")+IF(AND('엠블럼룬'!$B$8=TRUE, $B$23<>"약점", H56="1-1"), 0.14, "")) -> 0.25552941 | I67: =(sum(I60:I62)+'종합'!$K$7+'종합'!$K$15+'종합'!$C$8/100+IF(AND('방어구룬'!$B$39=TRUE, OR(I56="2-1", I56="4-1", I56="4-3")), 0.24, "")+IF(AND('엠블럼룬'!$B$8=TRUE, $B$23<>"약점", I56="1-1"), 0.14, "")) -> 1.4055294 | J67: =(sum(J60:J62)+'종합'!$K$7+'종합'!$K$15+'종합'!$C$8/100+IF(AND('방어구룬'!$B$39=TRUE, OR(J56="2-1", J56="4-1", J56="4-3")), 0.24, "")+IF(AND('엠블럼룬'!$B$8=TRUE, $B$23<>"약점", J56="1-1"), 0.14, "")) -> 0.40552941 | ... AH67: =(sum(AH60:AH62)+'종합'!$K$7+'종합'!$K$15+'종합'!$C$8/100+IF(AND('방어구룬'!$B$39=TRUE, OR(AH56="2-1", AH56="4-1", AH56="4-3")), 0.24, "")+IF(AND('엠블럼룬'!$B$8=TRUE, $B$23<>"약점", AH56="1-1"), 0.14, "")) -> 0.40552941 | AJ67: =IF(AJ66-AJ65 < 0, 0, AJ66-AJ65) -> 7.798496 | AK67: 남는시간
A68: 강연 | C68: =C63+C64+'종합'!$K$13 -> 1.07307 | D68: =D63+D64+'종합'!$K$13 -> 1.07307 | E68: =E63+E64+'종합'!$K$13 -> 1.07307 | F68: =F63+F64+'종합'!$K$13 -> 1.07307 | G68: =G63+G64+'종합'!$K$13 -> 1.07307 | H68: =H63+H64+'종합'!$K$13 -> 1.07307 | I68: =I63+I64+'종합'!$K$13 -> 1.07307 | J68: =J63+J64+'종합'!$K$13 -> 1.07307 | ... AH68: =AH63+AH64+'종합'!$K$13 -> 1.07307 | AJ68: =0.8*(1-'종합'!I$22) -> 0.716896 | AK68: 평타시간
A69: 치명타계수 | C69: =1-'종합'!$K$17+'종합'!$K$12*'종합'!$K$17 -> 2.4724809 | D69: =1-'종합'!$K$17+'종합'!$K$12*'종합'!$K$17 -> 2.4724809 | E69: =1-'종합'!$K$17+'종합'!$K$12*'종합'!$K$17 -> 2.4724809 | F69: =1-'종합'!$K$17+'종합'!$K$12*'종합'!$K$17 -> 2.4724809 | G69: =1-'종합'!$K$17+'종합'!$K$12*'종합'!$K$17 -> 2.4724809 | H69: =1-'종합'!$K$17+'종합'!$K$12*'종합'!$K$17 -> 2.4724809 | I69: =1-'종합'!$K$17+'종합'!$K$12*'종합'!$K$17 -> 2.4724809 | J69: =1-'종합'!$K$17+'종합'!$K$12*'종합'!$K$17 -> 2.4724809 | ... AH69: =1-'종합'!$K$17+'종합'!$K$12*'종합'!$K$17 -> 2.4724809 | AJ69: ='헬퍼테이블'!E42 -> 4 | AK69: 평타횟수
A70: 추가타계수 | C70: =1-'종합'!$K$16+'종합'!$K$11*'종합'!$K$16 -> 1.3135228 | D70: =1-'종합'!$K$16+'종합'!$K$11*'종합'!$K$16 -> 1.3135228 | E70: =1-'종합'!$K$16+'종합'!$K$11*'종합'!$K$16 -> 1.3135228 | F70: =1-'종합'!$K$16+'종합'!$K$11*'종합'!$K$16 -> 1.3135228 | G70: =1-'종합'!$K$16+'종합'!$K$11*'종합'!$K$16 -> 1.3135228 | H70: =1-'종합'!$K$16+'종합'!$K$11*'종합'!$K$16 -> 1.3135228 | I70: =1-'종합'!$K$16+'종합'!$K$11*'종합'!$K$16 -> 1.3135228 | J70: =1-'종합'!$K$16+'종합'!$K$11*'종합'!$K$16 -> 1.3135228 | ... AH70: =1-'종합'!$K$16+'종합'!$K$11*'종합'!$K$16 -> 1.3135228
A71: 계산이후스킬뎀 | C71: =C57*(1+C67)*(1+C68)*C69*C70 -> 101.58906 | D71: =D57*(1+D67)*(1+D68)*D69*D70 -> 57.887426 | E71: =E57*(1+E67)*(1+E68)*E69*E70 -> 22.9001 | F71: =F57*(1+F67)*(1+F68)*F69*F70 -> 57.887426 | G71: =G57*(1+G67)*(1+G68)*G69*G70 -> 17.275384 | H71: =H57*(1+H67)*(1+H68)*H69*H70 -> 1.4364945 | I71: =I57*(1+I67)*(1+I68)*I69*I70 -> 101.58906 | J71: =J57*(1+J67)*(1+J68)*J69*J70 -> 57.887426 | ... AH71: =AH57*(1+AH67)*(1+AH68)*AH69*AH70 -> 0
A72: 계산이후회심뎀 | C72: =C57*(1+C67)*(1+C68)*C69*C58*IF(OR(C56="1-2", C56="2-2", C56="4-1", C56="4-3", C56="5-1", C56="5-3"), 1,C70) -> 35.556171 | D72: =D57*(1+D67)*(1+D68)*D69*D58*IF(OR(D56="1-2", D56="2-2", D56="4-1", D56="4-3", D56="5-1", D56="5-3"), 1,D70) -> 0 | E72: =E57*(1+E67)*(1+E68)*E69*E58*IF(OR(E56="1-2", E56="2-2", E56="4-1", E56="4-3", E56="5-1", E56="5-3"), 1,E70) -> 0 | F72: =F57*(1+F67)*(1+F68)*F69*F58*IF(OR(F56="1-2", F56="2-2", F56="4-1", F56="4-3", F56="5-1", F56="5-3"), 1,F70) -> 15.424627 | G72: =G57*(1+G67)*(1+G68)*G69*G58*IF(OR(G56="1-2", G56="2-2", G56="4-1", G56="4-3", G56="5-1", G56="5-3"), 1,G70) -> 0 | H72: =H57*(1+H67)*(1+H68)*H69*H58*IF(OR(H56="1-2", H56="2-2", H56="4-1", H56="4-3", H56="5-1", H56="5-3"), 1,H70) -> 0 | I72: =I57*(1+I67)*(1+I68)*I69*I58*IF(OR(I56="1-2", I56="2-2", I56="4-1", I56="4-3", I56="5-1", I56="5-3"), 1,I70) -> 35.556171 | J72: =J57*(1+J67)*(1+J68)*J69*J58*IF(OR(J56="1-2", J56="2-2", J56="4-1", J56="4-3", J56="5-1", J56="5-3"), 1,J70) -> 0 | ... AH72: =AH57*(1+AH67)*(1+AH68)*AH69*AH58*IF(OR(AH56="1-2", AH56="2-2", AH56="4-1", AH56="4-3", AH56="5-1", AH56="5-3"), 1,AH70) -> 0 | AJ72: ='헬퍼테이블'!E43 -> 9.039 | AK72: 사이클타임
A73: 합계 | B73: =SUM(OFFSET(A71, 0, C54, 2, C54)) -> 309.95669 | C73: =(1-'종합'!$K$17+'종합'!$K$12*'종합'!$K$17)*(1-'종합'!$K$16+'종합'!$K$11*'종합'!$K$16)*AJ73 -> 2.1020154 | D73: =(1-'종합'!$K$17+'종합'!$K$12*'종합'!$K$17)*(1-('종합'!$K$16+'종합'!$K$23)+'종합'!$K$11*('종합'!$K$16+'종합'!$K$23))*AJ69*if('무기룬'!$B$17=true,1.92,0.4) -> 5.1962559 | E73: =sum(B73:D73)/AJ72 -> 35.098458 | AJ73: =0.22*(1+'종합'!$C$28)*C54/3 -> 0.64724 | AK73: 사이클당충격파
C74: 충격파 | D74: 평타 | E74: dps계수
B76: ='종합'!G37&" "&'종합'!G37 -> 252 252 | C76: =LEN(SUBSTITUTE(B76," ",""))/2 -> 3
A77: =IFERROR(MID(SUBSTITUTE($B76," ",""),COLUMN(),1),"") -> 2 | B77: =IFERROR(MID(SUBSTITUTE($B76," ",""),COLUMN(),1),"") -> 5 | C77: =IFERROR(MID(SUBSTITUTE($B76," ",""),COLUMN(),1),"") -> 2 | D77: =IFERROR(MID(SUBSTITUTE($B76," ",""),COLUMN(),1),"") -> 2 | E77: =IFERROR(MID(SUBSTITUTE($B76," ",""),COLUMN(),1),"") -> 5 | F77: =IFERROR(MID(SUBSTITUTE($B76," ",""),COLUMN(),1),"") -> 2 | G77: =IFERROR(MID(SUBSTITUTE($B76," ",""),COLUMN(),1),"") | H77: =IFERROR(MID(SUBSTITUTE($B76," ",""),COLUMN(),1),"") | ... AI77: =IFERROR(MID(SUBSTITUTE($B76," ",""),COLUMN(),1),"")
A78: {=LET( digit, IFERROR(VALUE(A77), 0), r23_val, $R$23, offset_cols, IFERROR(VALUE($C$32), 0), current_col, COLUMN(), start_col_idx, IF(current_col <= offset_cols, 1, offset_cols + 1), end_col_idx, current_col - 1, is_valid_range, end_col_idx >= start_col_idx, search_range_string, IF(is_valid_range, ADDRESS(ROW(), start_col_idx) & ":" & ADDRESS(ROW(), end_col_idx), ""), search_range, IF(is_valid_range, INDIRECT(search_range_string), ""), find_closest, LAMBDA(targets, LET( match_cols, IF(ISNUMBER(MATCH(search_range, targets, 0)), COLUMN(search_range), 0), max_col, MAX(match_cols), IF(max_col=0, "NOT_FOUND", INDEX(INDIRECT(ROW()&":"&ROW()), 1, max_col)) ) ), IFS( digit=1, LET(closest, find_closest({"1-1","2-1","1-2","2-2"}), IF(OR(closest="1-2", closest="2-2", closest="NOT_FOUND"), "1-1", "1-2")), digit=2, LET(closest, find_closest({"1-1","2-1","1-2","2-2"}), IF(OR(closest="1-2", closest="2-2", closest="NOT_FOUND"), "2-1", "2-2")), digit=3, "3", digit=4, LET(closest, find_closest({"4-1","4-2","4-3"}), IFS(OR(closest="4-3", closest="NOT_FOUND"), "4-1", closest="4-1", "4-2", closest="4-2", "4-3")), digit=5, IF(r23_val="강격", "5", LET(closest, find_closest({"5-1","5-2","5-3"}), IFS(OR(closest="5-3", closest="NOT_FOUND"), "5-1", closest="5-1", "5-2", closest="5-2", "5-3"))), TRUE, "" ) )} -> 2-1 | B78: {=LET( digit, IFERROR(VALUE(B77), 0), r23_val, $R$23, offset_cols, IFERROR(VALUE($C$32), 0), current_col, COLUMN(), start_col_idx, IF(current_col <= offset_cols, 1, offset_cols + 1), end_col_idx, current_col - 1, is_valid_range, end_col_idx >= start_col_idx, search_range_string, IF(is_valid_range, ADDRESS(ROW(), start_col_idx) & ":" & ADDRESS(ROW(), end_col_idx), ""), search_range, IF(is_valid_range, INDIRECT(search_range_string), ""), find_closest, LAMBDA(targets, LET( match_cols, IF(ISNUMBER(MATCH(search_range, targets, 0)), COLUMN(search_range), 0), max_col, MAX(match_cols), IF(max_col=0, "NOT_FOUND", INDEX(INDIRECT(ROW()&":"&ROW()), 1, max_col)) ) ), IFS( digit=1, LET(closest, find_closest({"1-1","2-1","1-2","2-2"}), IF(OR(closest="1-2", closest="2-2", closest="NOT_FOUND"), "1-1", "1-2")), digit=2, LET(closest, find_closest({"1-1","2-1","1-2","2-2"}), IF(OR(closest="1-2", closest="2-2", closest="NOT_FOUND"), "2-1", "2-2")), digit=3, "3", digit=4, LET(closest, find_closest({"4-1","4-2","4-3"}), IFS(OR(closest="4-3", closest="NOT_FOUND"), "4-1", closest="4-1", "4-2", closest="4-2", "4-3")), digit=5, IF(r23_val="강격", "5", LET(closest, find_closest({"5-1","5-2","5-3"}), IFS(OR(closest="5-3", closest="NOT_FOUND"), "5-1", closest="5-1", "5-2", closest="5-2", "5-3"))), TRUE, "" ) )} -> 5 | C78: {=LET( digit, IFERROR(VALUE(C77), 0), r23_val, $R$23, offset_cols, IFERROR(VALUE($C$32), 0), current_col, COLUMN(), start_col_idx, IF(current_col <= offset_cols, 1, offset_cols + 1), end_col_idx, current_col - 1, is_valid_range, end_col_idx >= start_col_idx, search_range_string, IF(is_valid_range, ADDRESS(ROW(), start_col_idx) & ":" & ADDRESS(ROW(), end_col_idx), ""), search_range, IF(is_valid_range, INDIRECT(search_range_string), ""), find_closest, LAMBDA(targets, LET( match_cols, IF(ISNUMBER(MATCH(search_range, targets, 0)), COLUMN(search_range), 0), max_col, MAX(match_cols), IF(max_col=0, "NOT_FOUND", INDEX(INDIRECT(ROW()&":"&ROW()), 1, max_col)) ) ), IFS( digit=1, LET(closest, find_closest({"1-1","2-1","1-2","2-2"}), IF(OR(closest="1-2", closest="2-2", closest="NOT_FOUND"), "1-1", "1-2")), digit=2, LET(closest, find_closest({"1-1","2-1","1-2","2-2"}), IF(OR(closest="1-2", closest="2-2", closest="NOT_FOUND"), "2-1", "2-2")), digit=3, "3", digit=4, LET(closest, find_closest({"4-1","4-2","4-3"}), IFS(OR(closest="4-3", closest="NOT_FOUND"), "4-1", closest="4-1", "4-2", closest="4-2", "4-3")), digit=5, IF(r23_val="강격", "5", LET(closest, find_closest({"5-1","5-2","5-3"}), IFS(OR(closest="5-3", closest="NOT_FOUND"), "5-1", closest="5-1", "5-2", closest="5-2", "5-3"))), TRUE, "" ) )} -> 2-2 | D78: {=LET( digit, IFERROR(VALUE(D77), 0), r23_val, $R$23, offset_cols, IFERROR(VALUE($C$32), 0), current_col, COLUMN(), start_col_idx, IF(current_col <= offset_cols, 1, offset_cols + 1), end_col_idx, current_col - 1, is_valid_range, end_col_idx >= start_col_idx, search_range_string, IF(is_valid_range, ADDRESS(ROW(), start_col_idx) & ":" & ADDRESS(ROW(), end_col_idx), ""), search_range, IF(is_valid_range, INDIRECT(search_range_string), ""), find_closest, LAMBDA(targets, LET( match_cols, IF(ISNUMBER(MATCH(search_range, targets, 0)), COLUMN(search_range), 0), max_col, MAX(match_cols), IF(max_col=0, "NOT_FOUND", INDEX(INDIRECT(ROW()&":"&ROW()), 1, max_col)) ) ), IFS( digit=1, LET(closest, find_closest({"1-1","2-1","1-2","2-2"}), IF(OR(closest="1-2", closest="2-2", closest="NOT_FOUND"), "1-1", "1-2")), digit=2, LET(closest, find_closest({"1-1","2-1","1-2","2-2"}), IF(OR(closest="1-2", closest="2-2", closest="NOT_FOUND"), "2-1", "2-2")), digit=3, "3", digit=4, LET(closest, find_closest({"4-1","4-2","4-3"}), IFS(OR(closest="4-3", closest="NOT_FOUND"), "4-1", closest="4-1", "4-2", closest="4-2", "4-3")), digit=5, IF(r23_val="강격", "5", LET(closest, find_closest({"5-1","5-2","5-3"}), IFS(OR(closest="5-3", closest="NOT_FOUND"), "5-1", closest="5-1", "5-2", closest="5-2", "5-3"))), TRUE, "" ) )} -> 2-1 | E78: {=LET( digit, IFERROR(VALUE(E77), 0), r23_val, $R$23, offset_cols, IFERROR(VALUE($C$32), 0), current_col, COLUMN(), start_col_idx, IF(current_col <= offset_cols, 1, offset_cols + 1), end_col_idx, current_col - 1, is_valid_range, end_col_idx >= start_col_idx, search_range_string, IF(is_valid_range, ADDRESS(ROW(), start_col_idx) & ":" & ADDRESS(ROW(), end_col_idx), ""), search_range, IF(is_valid_range, INDIRECT(search_range_string), ""), find_closest, LAMBDA(targets, LET( match_cols, IF(ISNUMBER(MATCH(search_range, targets, 0)), COLUMN(search_range), 0), max_col, MAX(match_cols), IF(max_col=0, "NOT_FOUND", INDEX(INDIRECT(ROW()&":"&ROW()), 1, max_col)) ) ), IFS( digit=1, LET(closest, find_closest({"1-1","2-1","1-2","2-2"}), IF(OR(closest="1-2", closest="2-2", closest="NOT_FOUND"), "1-1", "1-2")), digit=2, LET(closest, find_closest({"1-1","2-1","1-2","2-2"}), IF(OR(closest="1-2", closest="2-2", closest="NOT_FOUND"), "2-1", "2-2")), digit=3, "3", digit=4, LET(closest, find_closest({"4-1","4-2","4-3"}), IFS(OR(closest="4-3", closest="NOT_FOUND"), "4-1", closest="4-1", "4-2", closest="4-2", "4-3")), digit=5, IF(r23_val="강격", "5", LET(closest, find_closest({"5-1","5-2","5-3"}), IFS(OR(closest="5-3", closest="NOT_FOUND"), "5-1", closest="5-1", "5-2", closest="5-2", "5-3"))), TRUE, "" ) )} -> 5 | F78: {=LET( digit, IFERROR(VALUE(F77), 0), r23_val, $R$23, offset_cols, IFERROR(VALUE($C$32), 0), current_col, COLUMN(), start_col_idx, IF(current_col <= offset_cols, 1, offset_cols + 1), end_col_idx, current_col - 1, is_valid_range, end_col_idx >= start_col_idx, search_range_string, IF(is_valid_range, ADDRESS(ROW(), start_col_idx) & ":" & ADDRESS(ROW(), end_col_idx), ""), search_range, IF(is_valid_range, INDIRECT(search_range_string), ""), find_closest, LAMBDA(targets, LET( match_cols, IF(ISNUMBER(MATCH(search_range, targets, 0)), COLUMN(search_range), 0), max_col, MAX(match_cols), IF(max_col=0, "NOT_FOUND", INDEX(INDIRECT(ROW()&":"&ROW()), 1, max_col)) ) ), IFS( digit=1, LET(closest, find_closest({"1-1","2-1","1-2","2-2"}), IF(OR(closest="1-2", closest="2-2", closest="NOT_FOUND"), "1-1", "1-2")), digit=2, LET(closest, find_closest({"1-1","2-1","1-2","2-2"}), IF(OR(closest="1-2", closest="2-2", closest="NOT_FOUND"), "2-1", "2-2")), digit=3, "3", digit=4, LET(closest, find_closest({"4-1","4-2","4-3"}), IFS(OR(closest="4-3", closest="NOT_FOUND"), "4-1", closest="4-1", "4-2", closest="4-2", "4-3")), digit=5, IF(r23_val="강격", "5", LET(closest, find_closest({"5-1","5-2","5-3"}), IFS(OR(closest="5-3", closest="NOT_FOUND"), "5-1", closest="5-1", "5-2", closest="5-2", "5-3"))), TRUE, "" ) )} -> 2-2 | G78: {=LET( digit, IFERROR(VALUE(G77), 0), r23_val, $R$23, offset_cols, IFERROR(VALUE($C$32), 0), current_col, COLUMN(), start_col_idx, IF(current_col <= offset_cols, 1, offset_cols + 1), end_col_idx, current_col - 1, is_valid_range, end_col_idx >= start_col_idx, search_range_string, IF(is_valid_range, ADDRESS(ROW(), start_col_idx) & ":" & ADDRESS(ROW(), end_col_idx), ""), search_range, IF(is_valid_range, INDIRECT(search_range_string), ""), find_closest, LAMBDA(targets, LET( match_cols, IF(ISNUMBER(MATCH(search_range, targets, 0)), COLUMN(search_range), 0), max_col, MAX(match_cols), IF(max_col=0, "NOT_FOUND", INDEX(INDIRECT(ROW()&":"&ROW()), 1, max_col)) ) ), IFS( digit=1, LET(closest, find_closest({"1-1","2-1","1-2","2-2"}), IF(OR(closest="1-2", closest="2-2", closest="NOT_FOUND"), "1-1", "1-2")), digit=2, LET(closest, find_closest({"1-1","2-1","1-2","2-2"}), IF(OR(closest="1-2", closest="2-2", closest="NOT_FOUND"), "2-1", "2-2")), digit=3, "3", digit=4, LET(closest, find_closest({"4-1","4-2","4-3"}), IFS(OR(closest="4-3", closest="NOT_FOUND"), "4-1", closest="4-1", "4-2", closest="4-2", "4-3")), digit=5, IF(r23_val="강격", "5", LET(closest, find_closest({"5-1","5-2","5-3"}), IFS(OR(closest="5-3", closest="NOT_FOUND"), "5-1", closest="5-1", "5-2", closest="5-2", "5-3"))), TRUE, "" ) )} | H78: {=LET( digit, IFERROR(VALUE(H77), 0), r23_val, $R$23, offset_cols, IFERROR(VALUE($C$32), 0), current_col, COLUMN(), start_col_idx, IF(current_col <= offset_cols, 1, offset_cols + 1), end_col_idx, current_col - 1, is_valid_range, end_col_idx >= start_col_idx, search_range_string, IF(is_valid_range, ADDRESS(ROW(), start_col_idx) & ":" & ADDRESS(ROW(), end_col_idx), ""), search_range, IF(is_valid_range, INDIRECT(search_range_string), ""), find_closest, LAMBDA(targets, LET( match_cols, IF(ISNUMBER(MATCH(search_range, targets, 0)), COLUMN(search_range), 0), max_col, MAX(match_cols), IF(max_col=0, "NOT_FOUND", INDEX(INDIRECT(ROW()&":"&ROW()), 1, max_col)) ) ), IFS( digit=1, LET(closest, find_closest({"1-1","2-1","1-2","2-2"}), IF(OR(closest="1-2", closest="2-2", closest="NOT_FOUND"), "1-1", "1-2")), digit=2, LET(closest, find_closest({"1-1","2-1","1-2","2-2"}), IF(OR(closest="1-2", closest="2-2", closest="NOT_FOUND"), "2-1", "2-2")), digit=3, "3", digit=4, LET(closest, find_closest({"4-1","4-2","4-3"}), IFS(OR(closest="4-3", closest="NOT_FOUND"), "4-1", closest="4-1", "4-2", closest="4-2", "4-3")), digit=5, IF(r23_val="강격", "5", LET(closest, find_closest({"5-1","5-2","5-3"}), IFS(OR(closest="5-3", closest="NOT_FOUND"), "5-1", closest="5-1", "5-2", closest="5-2", "5-3"))), TRUE, "" ) )} | ... AH78: {=LET( digit, IFERROR(VALUE(AH77), 0), r23_val, $R$23, offset_cols, IFERROR(VALUE($C$32), 0), current_col, COLUMN(), start_col_idx, IF(current_col <= offset_cols, 1, offset_cols + 1), end_col_idx, current_col - 1, is_valid_range, end_col_idx >= start_col_idx, search_range_string, IF(is_valid_range, ADDRESS(ROW(), start_col_idx) & ":" & ADDRESS(ROW(), end_col_idx), ""), search_range, IF(is_valid_range, INDIRECT(search_range_string), ""), find_closest, LAMBDA(targets, LET( match_cols, IF(ISNUMBER(MATCH(search_range, targets, 0)), COLUMN(search_range), 0), max_col, MAX(match_cols), IF(max_col=0, "NOT_FOUND", INDEX(INDIRECT(ROW()&":"&ROW()), 1, max_col)) ) ), IFS( digit=1, LET(closest, find_closest({"1-1","2-1","1-2","2-2"}), IF(OR(closest="1-2", closest="2-2", closest="NOT_FOUND"), "1-1", "1-2")), digit=2, LET(closest, find_closest({"1-1","2-1","1-2","2-2"}), IF(OR(closest="1-2", closest="2-2", closest="NOT_FOUND"), "2-1", "2-2")), digit=3, "3", digit=4, LET(closest, find_closest({"4-1","4-2","4-3"}), IFS(OR(closest="4-3", closest="NOT_FOUND"), "4-1", closest="4-1", "4-2", closest="4-2", "4-3")), digit=5, IF(r23_val="강격", "5", LET(closest, find_closest({"5-1","5-2","5-3"}), IFS(OR(closest="5-3", closest="NOT_FOUND"), "5-1", closest="5-1", "5-2", closest="5-2", "5-3"))), TRUE, "" ) )} | AI78: {=LET( digit, IFERROR(VALUE(AI77), 0), r23_val, $R$23, search_range, INDIRECT("A"&ROW()&":"&ADDRESS(ROW(),COLUMN()-1)), find_closest, LAMBDA(targets, LET( match_cols, IF(ISNUMBER(MATCH(search_range, targets, 0)), COLUMN(search_range), 0), max_col, MAX(match_cols), IF(max_col=0, "NOT_FOUND", INDEX(INDIRECT(ROW()&":"&ROW()), 1, max_col)) ) ), IFS( digit=1, LET(closest, find_closest({"1-1","2-1","1-2","2-2"}), IF(OR(closest="1-2", closest="2-2", closest="NOT_FOUND"), "1-1", "1-2")), digit=2, LET(closest, find_closest({"1-1","2-1","1-2","2-2"}), IF(OR(closest="1-2", closest="2-2", closest="NOT_FOUND"), "2-1", "2-2")), digit=3, "3", digit=4, LET(closest, find_closest({"4-1","4-2","4-3"}), IFS(OR(closest="4-3", closest="NOT_FOUND"), "4-1", closest="4-1", "4-2", closest="4-2", "4-3")), digit=5, IF(r23_val="강격", "5", LET(closest, find_closest({"5-1","5-2","5-3"}), IFS(OR(closest="5-3", closest="NOT_FOUND"), "5-1", closest="5-1", "5-2", closest="5-2", "5-3"))), TRUE, "" ) )} | AJ78: 사이클합계 | AK78: 딜사이클
A79: =IFNA(OFFSET(INDEX($24:$24, MATCH(A78, $24:$24, 0)), 5, 1), "") -> 1.82559 | B79: =IFNA(OFFSET(INDEX($24:$24, MATCH(B78, $24:$24, 0)), 5, 1), "") -> 6.27266 | C79: =IFNA(OFFSET(INDEX($24:$24, MATCH(C78, $24:$24, 0)), 5, 1), "") -> 2.0391 | D79: =IFNA(OFFSET(INDEX($24:$24, MATCH(D78, $24:$24, 0)), 5, 1), "") -> 1.82559 | E79: =IFNA(OFFSET(INDEX($24:$24, MATCH(E78, $24:$24, 0)), 5, 1), "") -> 6.27266 | F79: =IFNA(OFFSET(INDEX($24:$24, MATCH(F78, $24:$24, 0)), 5, 1), "") -> 2.0391 | G79: =IFNA(OFFSET(INDEX($24:$24, MATCH(G78, $24:$24, 0)), 5, 1), "") | H79: =IFNA(OFFSET(INDEX($24:$24, MATCH(H78, $24:$24, 0)), 5, 1), "") | ... AE79: =IFNA(OFFSET(INDEX($24:$24, MATCH(AE78, $24:$24, 0)), 5, 1), "") | AK79: 세공이후계수
C80: =IFS( OR(C78="3", ISBLANK(C78)), "", AND(B78="3", OR(A78="1-1", A78="2-1", A78="4-2", A78="5-2")), 0.35, OR(B78="1-1", B78="2-1", B78="4-2", B78="5-2"), 0.35, TRUE, "" ) | D80: =IFS( OR(D78="3", ISBLANK(D78)), "", AND(C78="3", OR(B78="1-1", B78="2-1", B78="4-2", B78="5-2")), 0.35, OR(C78="1-1", C78="2-1", C78="4-2", C78="5-2"), 0.35, TRUE, "" ) | E80: =IFS( OR(E78="3", ISBLANK(E78)), "", AND(D78="3", OR(C78="1-1", C78="2-1", C78="4-2", C78="5-2")), 0.35, OR(D78="1-1", D78="2-1", D78="4-2", D78="5-2"), 0.35, TRUE, "" ) -> 0.35 | F80: =IFS( OR(F78="3", ISBLANK(F78)), "", AND(E78="3", OR(D78="1-1", D78="2-1", D78="4-2", D78="5-2")), 0.35, OR(E78="1-1", E78="2-1", E78="4-2", E78="5-2"), 0.35, TRUE, "" ) | G80: =IFS( OR(G78="3", ISBLANK(G78)), "", AND(F78="3", OR(E78="1-1", E78="2-1", E78="4-2", E78="5-2")), 0.35, OR(F78="1-1", F78="2-1", F78="4-2", F78="5-2"), 0.35, TRUE, "" ) | H80: =IFS( OR(H78="3", ISBLANK(H78)), "", AND(G78="3", OR(F78="1-1", F78="2-1", F78="4-2", F78="5-2")), 0.35, OR(G78="1-1", G78="2-1", G78="4-2", G78="5-2"), 0.35, TRUE, "" ) | I80: =IFS( OR(I78="3", ISBLANK(I78)), "", AND(H78="3", OR(G78="1-1", G78="2-1", G78="4-2", G78="5-2")), 0.35, OR(H78="1-1", H78="2-1", H78="4-2", H78="5-2"), 0.35, TRUE, "" ) | J80: =IFS( OR(J78="3", ISBLANK(J78)), "", AND(I78="3", OR(H78="1-1", H78="2-1", H78="4-2", H78="5-2")), 0.35, OR(I78="1-1", I78="2-1", I78="4-2", I78="5-2"), 0.35, TRUE, "" ) | ... AH80: =IFS( OR(AH78="3", ISBLANK(AH78)), "", AND(AG78="3", OR(AF78="1-1", AF78="2-1", AF78="4-2", AF78="5-2")), 0.35, OR(AG78="1-1", AG78="2-1", AG78="4-2", AG78="5-2"), 0.35, TRUE, "" ) | AK80: 회심의일격
C81: =IF(OR(C78="4-1", C78="4-2", C78="4-3"), C79, "") | D81: =IF(OR(D78="4-1", D78="4-2", D78="4-3"), D79, "") | E81: =IF(OR(E78="4-1", E78="4-2", E78="4-3"), E79, "") | F81: =IF(OR(F78="4-1", F78="4-2", F78="4-3"), F79, "") | G81: =IF(OR(G78="4-1", G78="4-2", G78="4-3"), G79, "") | H81: =IF(OR(H78="4-1", H78="4-2", H78="4-3"), H79, "") | I81: =IF(OR(I78="4-1", I78="4-2", I78="4-3"), I79, "") | J81: =IF(OR(J78="4-1", J78="4-2", J78="4-3"), J79, "") | ... AH81: =IF(OR(AH78="4-1", AH78="4-2", AH78="4-3"), AH79, "") | AK81: 격파
C82: =if(C78="3",0,0.15) -> 0.15 | D82: =if(D78="3",0,0.15) -> 0.15 | E82: =if(E78="3",0,0.15) -> 0.15 | F82: =if(F78="3",0,0.15) -> 0.15 | G82: =if(G78="3",0,0.15) -> 0.15 | H82: =if(H78="3",0,0.15) -> 0.15 | I82: =if(I78="3",0,0.15) -> 0.15 | J82: =if(J78="3",0,0.15) -> 0.15 | ... AH82: =if(AH78="3",0,0.15) -> 0.15 | AK82: 연계공격
C83: =IFERROR(__xludf.DUMMYFUNCTION("LET( target_regex, ""^5$|^5-3$|^1-2$|^2-2$|^4-3$"", IF(REGEXMATCH(TO_TEXT(C78), target_regex), IF(B78=""2-1"", 0.5, IF(REGEXMATCH(TO_TEXT(B78), target_regex), 0, IF(A78=""2-1"", 0.5, IF(REGEXMATCH(TO_TEXT(A7"&"8), target_regex), 0, IF(#REF!=""2-1"", 0.5, IF(REGEXMATCH(TO_TEXT(#REF!), target_regex), 0, IF(#REF!=""2-1"", 0.5, IF(REGEXMATCH(TO_TEXT(#REF!), target_regex), 0, """") "&" ) )) )) )), """") )*IF($F$23=""전진"", 1, 0)"),0.0) -> 0 | D83: =IFERROR(__xludf.DUMMYFUNCTION("LET( target_regex, ""^5$|^5-3$|^1-2$|^2-2$|^4-3$"", IF(REGEXMATCH(TO_TEXT(D78), target_regex), IF(C78=""2-1"", 0.5, IF(REGEXMATCH(TO_TEXT(C78), target_regex), 0, IF(B78=""2-1"", 0.5, IF(REGEXMATCH(TO_TEXT(B7"&"8), target_regex), 0, IF(A78=""2-1"", 0.5, IF(REGEXMATCH(TO_TEXT(A78), target_regex), 0, IF(#REF!=""2-1"", 0.5, IF(REGEXMATCH(TO_TEXT(#REF!), target_regex), 0, """") "&" ) )) )) )), """") )*IF($F$23=""전진"", 1, 0)"),0.0) -> 0 | E83: =IFERROR(__xludf.DUMMYFUNCTION("LET( target_regex, ""^5$|^5-3$|^1-2$|^2-2$|^4-3$"", IF(REGEXMATCH(TO_TEXT(E78), target_regex), IF(D78=""2-1"", 0.5, IF(REGEXMATCH(TO_TEXT(D78), target_regex), 0, IF(C78=""2-1"", 0.5, IF(REGEXMATCH(TO_TEXT(C7"&"8), target_regex), 0, IF(B78=""2-1"", 0.5, IF(REGEXMATCH(TO_TEXT(B78), target_regex), 0, IF(A78=""2-1"", 0.5, IF(REGEXMATCH(TO_TEXT(A78), target_regex), 0, """") )"&" )) )) )), """") )*IF($F$23=""전진"", 1, 0)"),0.5) -> 0.5 | F83: =IFERROR(__xludf.DUMMYFUNCTION("LET( target_regex, ""^5$|^5-3$|^1-2$|^2-2$|^4-3$"", IF(REGEXMATCH(TO_TEXT(F78), target_regex), IF(E78=""2-1"", 0.5, IF(REGEXMATCH(TO_TEXT(E78), target_regex), 0, IF(D78=""2-1"", 0.5, IF(REGEXMATCH(TO_TEXT(D7"&"8), target_regex), 0, IF(C78=""2-1"", 0.5, IF(REGEXMATCH(TO_TEXT(C78), target_regex), 0, IF(B78=""2-1"", 0.5, IF(REGEXMATCH(TO_TEXT(B78), target_regex), 0, """") )"&" )) )) )), """") )*IF($F$23=""전진"", 1, 0)"),0.0) -> 0 | G83: =IFERROR(__xludf.DUMMYFUNCTION("LET( target_regex, ""^5$|^5-3$|^1-2$|^2-2$|^4-3$"", IF(REGEXMATCH(TO_TEXT(G78), target_regex), IF(F78=""2-1"", 0.5, IF(REGEXMATCH(TO_TEXT(F78), target_regex), 0, IF(E78=""2-1"", 0.5, IF(REGEXMATCH(TO_TEXT(E7"&"8), target_regex), 0, IF(D78=""2-1"", 0.5, IF(REGEXMATCH(TO_TEXT(D78), target_regex), 0, IF(C78=""2-1"", 0.5, IF(REGEXMATCH(TO_TEXT(C78), target_regex), 0, """") )"&" )) )) )), """") )*IF($F$23=""전진"", 1, 0)"),0.0) -> 0 | H83: =IFERROR(__xludf.DUMMYFUNCTION("LET( target_regex, ""^5$|^5-3$|^1-2$|^2-2$|^4-3$"", IF(REGEXMATCH(TO_TEXT(H78), target_regex), IF(G78=""2-1"", 0.5, IF(REGEXMATCH(TO_TEXT(G78), target_regex), 0, IF(F78=""2-1"", 0.5, IF(REGEXMATCH(TO_TEXT(F7"&"8), target_regex), 0, IF(E78=""2-1"", 0.5, IF(REGEXMATCH(TO_TEXT(E78), target_regex), 0, IF(D78=""2-1"", 0.5, IF(REGEXMATCH(TO_TEXT(D78), target_regex), 0, """") )"&" )) )) )), """") )*IF($F$23=""전진"", 1, 0)"),0.0) -> 0 | I83: =IFERROR(__xludf.DUMMYFUNCTION("LET( target_regex, ""^5$|^5-3$|^1-2$|^2-2$|^4-3$"", IF(REGEXMATCH(TO_TEXT(I78), target_regex), IF(H78=""2-1"", 0.5, IF(REGEXMATCH(TO_TEXT(H78), target_regex), 0, IF(G78=""2-1"", 0.5, IF(REGEXMATCH(TO_TEXT(G7"&"8), target_regex), 0, IF(F78=""2-1"", 0.5, IF(REGEXMATCH(TO_TEXT(F78), target_regex), 0, IF(E78=""2-1"", 0.5, IF(REGEXMATCH(TO_TEXT(E78), target_regex), 0, """") )"&" )) )) )), """") )*IF($F$23=""전진"", 1, 0)"),0.0) -> 0 | J83: =IFERROR(__xludf.DUMMYFUNCTION("LET( target_regex, ""^5$|^5-3$|^1-2$|^2-2$|^4-3$"", IF(REGEXMATCH(TO_TEXT(J78), target_regex), IF(I78=""2-1"", 0.5, IF(REGEXMATCH(TO_TEXT(I78), target_regex), 0, IF(H78=""2-1"", 0.5, IF(REGEXMATCH(TO_TEXT(H7"&"8), target_regex), 0, IF(G78=""2-1"", 0.5, IF(REGEXMATCH(TO_TEXT(G78), target_regex), 0, IF(F78=""2-1"", 0.5, IF(REGEXMATCH(TO_TEXT(F78), target_regex), 0, """") )"&" )) )) )), """") )*IF($F$23=""전진"", 1, 0)"),0.0) -> 0 | K83: =IFERROR(__xludf.DUMMYFUNCTION("LET( target_regex, ""^5$|^5-3$|^1-2$|^2-2$|^4-3$"", IF(REGEXMATCH(TO_TEXT(K78), target_regex), IF(J78=""2-1"", 0.5, IF(REGEXMATCH(TO_TEXT(J78), target_regex), 0, IF(I78=""2-1"", 0.5, IF(REGEXMATCH(TO_TEXT(I7"&"8), target_regex), 0, IF(H78=""2-1"", 0.5, IF(REGEXMATCH(TO_TEXT(H78), target_regex), 0, IF(G78=""2-1"", 0.5, IF(REGEXMATCH(TO_TEXT(G78), target_regex), 0, """") )"&" )) )) )), """") )*IF($F$23=""전진"", 1, 0)"),0.0) -> 0 | L83: =IFERROR(__xludf.DUMMYFUNCTION("LET( target_regex, ""^5$|^5-3$|^1-2$|^2-2$|^4-3$"", IF(REGEXMATCH(TO_TEXT(L78), target_regex), IF(K78=""2-1"", 0.5, IF(REGEXMATCH(TO_TEXT(K78), target_regex), 0, IF(J78=""2-1"", 0.5, IF(REGEXMATCH(TO_TEXT(J7"&"8), target_regex), 0, IF(I78=""2-1"", 0.5, IF(REGEXMATCH(TO_TEXT(I78), target_regex), 0, IF(H78=""2-1"", 0.5, IF(REGEXMATCH(TO_TEXT(H78), target_regex), 0, """") )"&" )) )) )), """") )*IF($F$23=""전진"", 1, 0)"),0.0) -> 0 | M83: =IFERROR(__xludf.DUMMYFUNCTION("LET( target_regex, ""^5$|^5-3$|^1-2$|^2-2$|^4-3$"", IF(REGEXMATCH(TO_TEXT(M78), target_regex), IF(L78=""2-1"", 0.5, IF(REGEXMATCH(TO_TEXT(L78), target_regex), 0, IF(K78=""2-1"", 0.5, IF(REGEXMATCH(TO_TEXT(K7"&"8), target_regex), 0, IF(J78=""2-1"", 0.5, IF(REGEXMATCH(TO_TEXT(J78), target_regex), 0, IF(I78=""2-1"", 0.5, IF(REGEXMATCH(TO_TEXT(I78), target_regex), 0, """") )"&" )) )) )), """") )*IF($F$23=""전진"", 1, 0)"),0.0) -> 0 | N83: =IFERROR(__xludf.DUMMYFUNCTION("LET( target_regex, ""^5$|^5-3$|^1-2$|^2-2$|^4-3$"", IF(REGEXMATCH(TO_TEXT(N78), target_regex), IF(M78=""2-1"", 0.5, IF(REGEXMATCH(TO_TEXT(M78), target_regex), 0, IF(L78=""2-1"", 0.5, IF(REGEXMATCH(TO_TEXT(L7"&"8), target_regex), 0, IF(K78=""2-1"", 0.5, IF(REGEXMATCH(TO_TEXT(K78), target_regex), 0, IF(J78=""2-1"", 0.5, IF(REGEXMATCH(TO_TEXT(J78), target_regex), 0, """") )"&" )) )) )), """") )*IF($F$23=""전진"", 1, 0)"),0.0) -> 0 | O83: =IFERROR(__xludf.DUMMYFUNCTION("LET( target_regex, ""^5$|^5-3$|^1-2$|^2-2$|^4-3$"", IF(REGEXMATCH(TO_TEXT(O78), target_regex), IF(N78=""2-1"", 0.5, IF(REGEXMATCH(TO_TEXT(N78), target_regex), 0, IF(M78=""2-1"", 0.5, IF(REGEXMATCH(TO_TEXT(M7"&"8), target_regex), 0, IF(L78=""2-1"", 0.5, IF(REGEXMATCH(TO_TEXT(L78), target_regex), 0, IF(K78=""2-1"", 0.5, IF(REGEXMATCH(TO_TEXT(K78), target_regex), 0, """") )"&" )) )) )), """") )*IF($F$23=""전진"", 1, 0)"),0.0) -> 0 | P83: =IFERROR(__xludf.DUMMYFUNCTION("LET( target_regex, ""^5$|^5-3$|^1-2$|^2-2$|^4-3$"", IF(REGEXMATCH(TO_TEXT(P78), target_regex), IF(O78=""2-1"", 0.5, IF(REGEXMATCH(TO_TEXT(O78), target_regex), 0, IF(N78=""2-1"", 0.5, IF(REGEXMATCH(TO_TEXT(N7"&"8), target_regex), 0, IF(M78=""2-1"", 0.5, IF(REGEXMATCH(TO_TEXT(M78), target_regex), 0, IF(L78=""2-1"", 0.5, IF(REGEXMATCH(TO_TEXT(L78), target_regex), 0, """") )"&" )) )) )), """") )*IF($F$23=""전진"", 1, 0)"),0.0) -> 0 | Q83: =IFERROR(__xludf.DUMMYFUNCTION("LET( target_regex, ""^5$|^5-3$|^1-2$|^2-2$|^4-3$"", IF(REGEXMATCH(TO_TEXT(Q78), target_regex), IF(P78=""2-1"", 0.5, IF(REGEXMATCH(TO_TEXT(P78), target_regex), 0, IF(O78=""2-1"", 0.5, IF(REGEXMATCH(TO_TEXT(O7"&"8), target_regex), 0, IF(N78=""2-1"", 0.5, IF(REGEXMATCH(TO_TEXT(N78), target_regex), 0, IF(M78=""2-1"", 0.5, IF(REGEXMATCH(TO_TEXT(M78), target_regex), 0, """") )"&" )) )) )), """") )*IF($F$23=""전진"", 1, 0)"),0.0) -> 0 | R83: =IFERROR(__xludf.DUMMYFUNCTION("LET( target_regex, ""^5$|^5-3$|^1-2$|^2-2$|^4-3$"", IF(REGEXMATCH(TO_TEXT(R78), target_regex), IF(Q78=""2-1"", 0.5, IF(REGEXMATCH(TO_TEXT(Q78), target_regex), 0, IF(P78=""2-1"", 0.5, IF(REGEXMATCH(TO_TEXT(P7"&"8), target_regex), 0, IF(O78=""2-1"", 0.5, IF(REGEXMATCH(TO_TEXT(O78), target_regex), 0, IF(N78=""2-1"", 0.5, IF(REGEXMATCH(TO_TEXT(N78), target_regex), 0, """") )"&" )) )) )), """") )*IF($F$23=""전진"", 1, 0)"),0.0) -> 0 | S83: =IFERROR(__xludf.DUMMYFUNCTION("LET( target_regex, ""^5$|^5-3$|^1-2$|^2-2$|^4-3$"", IF(REGEXMATCH(TO_TEXT(S78), target_regex), IF(R78=""2-1"", 0.5, IF(REGEXMATCH(TO_TEXT(R78), target_regex), 0, IF(Q78=""2-1"", 0.5, IF(REGEXMATCH(TO_TEXT(Q7"&"8), target_regex), 0, IF(P78=""2-1"", 0.5, IF(REGEXMATCH(TO_TEXT(P78), target_regex), 0, IF(O78=""2-1"", 0.5, IF(REGEXMATCH(TO_TEXT(O78), target_regex), 0, """") )"&" )) )) )), """") )*IF($F$23=""전진"", 1, 0)"),0.0) -> 0 | T83: =IFERROR(__xludf.DUMMYFUNCTION("LET( target_regex, ""^5$|^5-3$|^1-2$|^2-2$|^4-3$"", IF(REGEXMATCH(TO_TEXT(T78), target_regex), IF(S78=""2-1"", 0.5, IF(REGEXMATCH(TO_TEXT(S78), target_regex), 0, IF(R78=""2-1"", 0.5, IF(REGEXMATCH(TO_TEXT(R7"&"8), target_regex), 0, IF(Q78=""2-1"", 0.5, IF(REGEXMATCH(TO_TEXT(Q78), target_regex), 0, IF(P78=""2-1"", 0.5, IF(REGEXMATCH(TO_TEXT(P78), target_regex), 0, """") )"&" )) )) )), """") )*IF($F$23=""전진"", 1, 0)"),0.0) -> 0 | U83: =IFERROR(__xludf.DUMMYFUNCTION("LET( target_regex, ""^5$|^5-3$|^1-2$|^2-2$|^4-3$"", IF(REGEXMATCH(TO_TEXT(U78), target_regex), IF(T78=""2-1"", 0.5, IF(REGEXMATCH(TO_TEXT(T78), target_regex), 0, IF(S78=""2-1"", 0.5, IF(REGEXMATCH(TO_TEXT(S7"&"8), target_regex), 0, IF(R78=""2-1"", 0.5, IF(REGEXMATCH(TO_TEXT(R78), target_regex), 0, IF(Q78=""2-1"", 0.5, IF(REGEXMATCH(TO_TEXT(Q78), target_regex), 0, """") )"&" )) )) )), """") )*IF($F$23=""전진"", 1, 0)"),0.0) -> 0 | V83: =IFERROR(__xludf.DUMMYFUNCTION("LET( target_regex, ""^5$|^5-3$|^1-2$|^2-2$|^4-3$"", IF(REGEXMATCH(TO_TEXT(V78), target_regex), IF(U78=""2-1"", 0.5, IF(REGEXMATCH(TO_TEXT(U78), target_regex), 0, IF(T78=""2-1"", 0.5, IF(REGEXMATCH(TO_TEXT(T7"&"8), target_regex), 0, IF(S78=""2-1"", 0.5, IF(REGEXMATCH(TO_TEXT(S78), target_regex), 0, IF(R78=""2-1"", 0.5, IF(REGEXMATCH(TO_TEXT(R78), target_regex), 0, """") )"&" )) )) )), """") )*IF($F$23=""전진"", 1, 0)"),0.0) -> 0 | W83: =IFERROR(__xludf.DUMMYFUNCTION("LET( target_regex, ""^5$|^5-3$|^1-2$|^2-2$|^4-3$"", IF(REGEXMATCH(TO_TEXT(W78), target_regex), IF(V78=""2-1"", 0.5, IF(REGEXMATCH(TO_TEXT(V78), target_regex), 0, IF(U78=""2-1"", 0.5, IF(REGEXMATCH(TO_TEXT(U7"&"8), target_regex), 0, IF(T78=""2-1"", 0.5, IF(REGEXMATCH(TO_TEXT(T78), target_regex), 0, IF(S78=""2-1"", 0.5, IF(REGEXMATCH(TO_TEXT(S78), target_regex), 0, """") )"&" )) )) )), """") )*IF($F$23=""전진"", 1, 0)"),0.0) -> 0 | X83: =IFERROR(__xludf.DUMMYFUNCTION("LET( target_regex, ""^5$|^5-3$|^1-2$|^2-2$|^4-3$"", IF(REGEXMATCH(TO_TEXT(X78), target_regex), IF(W78=""2-1"", 0.5, IF(REGEXMATCH(TO_TEXT(W78), target_regex), 0, IF(V78=""2-1"", 0.5, IF(REGEXMATCH(TO_TEXT(V7"&"8), target_regex), 0, IF(U78=""2-1"", 0.5, IF(REGEXMATCH(TO_TEXT(U78), target_regex), 0, IF(T78=""2-1"", 0.5, IF(REGEXMATCH(TO_TEXT(T78), target_regex), 0, """") )"&" )) )) )), """") )*IF($F$23=""전진"", 1, 0)"),0.0) -> 0 | Y83: =IFERROR(__xludf.DUMMYFUNCTION("LET( target_regex, ""^5$|^5-3$|^1-2$|^2-2$|^4-3$"", IF(REGEXMATCH(TO_TEXT(Y78), target_regex), IF(X78=""2-1"", 0.5, IF(REGEXMATCH(TO_TEXT(X78), target_regex), 0, IF(W78=""2-1"", 0.5, IF(REGEXMATCH(TO_TEXT(W7"&"8), target_regex), 0, IF(V78=""2-1"", 0.5, IF(REGEXMATCH(TO_TEXT(V78), target_regex), 0, IF(U78=""2-1"", 0.5, IF(REGEXMATCH(TO_TEXT(U78), target_regex), 0, """") )"&" )) )) )), """") )*IF($F$23=""전진"", 1, 0)"),0.0) -> 0 | Z83: =IFERROR(__xludf.DUMMYFUNCTION("LET( target_regex, ""^5$|^5-3$|^1-2$|^2-2$|^4-3$"", IF(REGEXMATCH(TO_TEXT(Z78), target_regex), IF(Y78=""2-1"", 0.5, IF(REGEXMATCH(TO_TEXT(Y78), target_regex), 0, IF(X78=""2-1"", 0.5, IF(REGEXMATCH(TO_TEXT(X7"&"8), target_regex), 0, IF(W78=""2-1"", 0.5, IF(REGEXMATCH(TO_TEXT(W78), target_regex), 0, IF(V78=""2-1"", 0.5, IF(REGEXMATCH(TO_TEXT(V78), target_regex), 0, """") )"&" )) )) )), """") )*IF($F$23=""전진"", 1, 0)"),0.0) -> 0 | AA83: =IFERROR(__xludf.DUMMYFUNCTION("LET( target_regex, ""^5$|^5-3$|^1-2$|^2-2$|^4-3$"", IF(REGEXMATCH(TO_TEXT(AA78), target_regex), IF(Z78=""2-1"", 0.5, IF(REGEXMATCH(TO_TEXT(Z78), target_regex), 0, IF(Y78=""2-1"", 0.5, IF(REGEXMATCH(TO_TEXT(Y"&"78), target_regex), 0, IF(X78=""2-1"", 0.5, IF(REGEXMATCH(TO_TEXT(X78), target_regex), 0, IF(W78=""2-1"", 0.5, IF(REGEXMATCH(TO_TEXT(W78), target_regex), 0, """") "&") )) )) )), """") )*IF($F$23=""전진"", 1, 0)"),0.0) -> 0 | AB83: =IFERROR(__xludf.DUMMYFUNCTION("LET( target_regex, ""^5$|^5-3$|^1-2$|^2-2$|^4-3$"", IF(REGEXMATCH(TO_TEXT(AB78), target_regex), IF(AA78=""2-1"", 0.5, IF(REGEXMATCH(TO_TEXT(AA78), target_regex), 0, IF(Z78=""2-1"", 0.5, IF(REGEXMATCH(TO_TEXT"&"(Z78), target_regex), 0, IF(Y78=""2-1"", 0.5, IF(REGEXMATCH(TO_TEXT(Y78), target_regex), 0, IF(X78=""2-1"", 0.5, IF(REGEXMATCH(TO_TEXT(X78), target_regex), 0, """") "&" ) )) )) )), """") )*IF($F$23=""전진"", 1, 0)"),0.0) -> 0 | AC83: =IFERROR(__xludf.DUMMYFUNCTION("LET( target_regex, ""^5$|^5-3$|^1-2$|^2-2$|^4-3$"", IF(REGEXMATCH(TO_TEXT(AC78), target_regex), IF(AB78=""2-1"", 0.5, IF(REGEXMATCH(TO_TEXT(AB78), target_regex), 0, IF(AA78=""2-1"", 0.5, IF(REGEXMATCH(TO_TEX"&"T(AA78), target_regex), 0, IF(Z78=""2-1"", 0.5, IF(REGEXMATCH(TO_TEXT(Z78), target_regex), 0, IF(Y78=""2-1"", 0.5, IF(REGEXMATCH(TO_TEXT(Y78), target_regex), 0, """") "&" ) )) )) )), """") )*IF($F$23=""전진"", 1, 0)"),0.0) -> 0 | AD83: =IFERROR(__xludf.DUMMYFUNCTION("LET( target_regex, ""^5$|^5-3$|^1-2$|^2-2$|^4-3$"", IF(REGEXMATCH(TO_TEXT(AD78), target_regex), IF(AC78=""2-1"", 0.5, IF(REGEXMATCH(TO_TEXT(AC78), target_regex), 0, IF(AB78=""2-1"", 0.5, IF(REGEXMATCH(TO_TEX"&"T(AB78), target_regex), 0, IF(AA78=""2-1"", 0.5, IF(REGEXMATCH(TO_TEXT(AA78), target_regex), 0, IF(Z78=""2-1"", 0.5, IF(REGEXMATCH(TO_TEXT(Z78), target_regex), 0, """") "&" ) )) )) )), """") )*IF($F$23=""전진"", 1, 0)"),0.0) -> 0 | AE83: =IFERROR(__xludf.DUMMYFUNCTION("LET( target_regex, ""^5$|^5-3$|^1-2$|^2-2$|^4-3$"", IF(REGEXMATCH(TO_TEXT(AE78), target_regex), IF(AD78=""2-1"", 0.5, IF(REGEXMATCH(TO_TEXT(AD78), target_regex), 0, IF(AC78=""2-1"", 0.5, IF(REGEXMATCH(TO_TEX"&"T(AC78), target_regex), 0, IF(AB78=""2-1"", 0.5, IF(REGEXMATCH(TO_TEXT(AB78), target_regex), 0, IF(AA78=""2-1"", 0.5, IF(REGEXMATCH(TO_TEXT(AA78), target_regex), 0, """") "&" ) )) )) )), """") )*IF($F$23=""전진"", 1, 0)"),0.0) -> 0 | AF83: =IFERROR(__xludf.DUMMYFUNCTION("LET( target_regex, ""^5$|^5-3$|^1-2$|^2-2$|^4-3$"", IF(REGEXMATCH(TO_TEXT(AF78), target_regex), IF(AE78=""2-1"", 0.5, IF(REGEXMATCH(TO_TEXT(AE78), target_regex), 0, IF(AD78=""2-1"", 0.5, IF(REGEXMATCH(TO_TEX"&"T(AD78), target_regex), 0, IF(AC78=""2-1"", 0.5, IF(REGEXMATCH(TO_TEXT(AC78), target_regex), 0, IF(AB78=""2-1"", 0.5, IF(REGEXMATCH(TO_TEXT(AB78), target_regex), 0, """") "&" ) )) )) )), """") )*IF($F$23=""전진"", 1, 0)"),0.0) -> 0 | AG83: =IFERROR(__xludf.DUMMYFUNCTION("LET( target_regex, ""^5$|^5-3$|^1-2$|^2-2$|^4-3$"", IF(REGEXMATCH(TO_TEXT(AG78), target_regex), IF(AF78=""2-1"", 0.5, IF(REGEXMATCH(TO_TEXT(AF78), target_regex), 0, IF(AE78=""2-1"", 0.5, IF(REGEXMATCH(TO_TEX"&"T(AE78), target_regex), 0, IF(AD78=""2-1"", 0.5, IF(REGEXMATCH(TO_TEXT(AD78), target_regex), 0, IF(AC78=""2-1"", 0.5, IF(REGEXMATCH(TO_TEXT(AC78), target_regex), 0, """") "&" ) )) )) )), """") )*IF($F$23=""전진"", 1, 0)"),0.0) -> 0 | AH83: =IFERROR(__xludf.DUMMYFUNCTION("LET( target_regex, ""^5$|^5-3$|^1-2$|^2-2$|^4-3$"", IF(REGEXMATCH(TO_TEXT(AH78), target_regex), IF(AG78=""2-1"", 0.5, IF(REGEXMATCH(TO_TEXT(AG78), target_regex), 0, IF(AF78=""2-1"", 0.5, IF(REGEXMATCH(TO_TEX"&"T(AF78), target_regex), 0, IF(AE78=""2-1"", 0.5, IF(REGEXMATCH(TO_TEXT(AE78), target_regex), 0, IF(AD78=""2-1"", 0.5, IF(REGEXMATCH(TO_TEXT(AD78), target_regex), 0, """") "&" ) )) )) )), """") )*IF($F$23=""전진"", 1, 0)"),0.0) -> 0 | AK83: 스러스트킥
C84: =IF(AND(B78="3", C78<>"3"), 0.5, "") | D84: =IF(AND(C78="3", D78<>"3"), 0.5, "") | E84: =IF(AND(D78="3", E78<>"3"), 0.5, "") | F84: =IF(AND(E78="3", F78<>"3"), 0.5, "") | G84: =IF(AND(F78="3", G78<>"3"), 0.5, "") | H84: =IF(AND(G78="3", H78<>"3"), 0.5, "") | I84: =IF(AND(H78="3", I78<>"3"), 0.5, "") | J84: =IF(AND(I78="3", J78<>"3"), 0.5, "") | ... AH84: =IF(AND(AG78="3", AH78<>"3"), 0.5, "") | AK84: 백스탭
C85: ='종합'!$K$9 -> 0.39599529 | D85: ='종합'!$K$9 -> 0.39599529 | E85: ='종합'!$K$9 -> 0.39599529 | F85: ='종합'!$K$9 -> 0.39599529 | G85: ='종합'!$K$9 -> 0.39599529 | H85: ='종합'!$K$9 -> 0.39599529 | I85: ='종합'!$K$9 -> 0.39599529 | J85: ='종합'!$K$9 -> 0.39599529 | ... AH85: ='종합'!$K$9 -> 0.39599529 | AK85: 강타
C86: =IF($B$23="약점", '종합'!$K$10, '종합'!$K$10*IF(C78="1-1",$AA$3,1)) -> 0.63008635 | D86: =IF($B$23="약점", '종합'!$K$10, '종합'!$K$10*IF(D78="1-1",$AA$3,1)) -> 0.63008635 | E86: =IF($B$23="약점", '종합'!$K$10, '종합'!$K$10*IF(E78="1-1",$AA$3,1)) -> 0.63008635 | F86: =IF($B$23="약점", '종합'!$K$10, '종합'!$K$10*IF(F78="1-1",$AA$3,1)) -> 0.63008635 | G86: =IF($B$23="약점", '종합'!$K$10, '종합'!$K$10*IF(G78="1-1",$AA$3,1)) -> 0.63008635 | H86: =IF($B$23="약점", '종합'!$K$10, '종합'!$K$10*IF(H78="1-1",$AA$3,1)) -> 0.63008635 | I86: =IF($B$23="약점", '종합'!$K$10, '종합'!$K$10*IF(I78="1-1",$AA$3,1)) -> 0.63008635 | J86: =IF($B$23="약점", '종합'!$K$10, '종합'!$K$10*IF(J78="1-1",$AA$3,1)) -> 0.63008635 | ... AH86: =IF($B$23="약점", '종합'!$K$10, '종합'!$K$10*IF(AH78="1-1",$AA$3,1)) -> 0.63008635 | AK86: 연타
C87: =OFFSET(INDEX($24:$24, MATCH(C78, $24:$24, 0)), 2, 1) -> 1.164592 | D87: =OFFSET(INDEX($24:$24, MATCH(D78, $24:$24, 0)), 2, 1) -> 0.89584 | E87: =OFFSET(INDEX($24:$24, MATCH(E78, $24:$24, 0)), 2, 1) -> 1.254176 | F87: =OFFSET(INDEX($24:$24, MATCH(F78, $24:$24, 0)), 2, 1) -> 1.164592 | G87: =OFFSET(INDEX($24:$24, MATCH(G78, $24:$24, 0)), 2, 1) -> 0 | H87: =OFFSET(INDEX($24:$24, MATCH(H78, $24:$24, 0)), 2, 1) -> 0 | I87: =OFFSET(INDEX($24:$24, MATCH(I78, $24:$24, 0)), 2, 1) -> 0 | J87: =OFFSET(INDEX($24:$24, MATCH(J78, $24:$24, 0)), 2, 1) -> 0 | ... AH87: =OFFSET(INDEX($24:$24, MATCH(AH78, $24:$24, 0)), 2, 1) -> 0 | AJ87: =SUM(OFFSET(A87, 0, C76, 1, C76)) -> 3.314608 | AK87: 사용시간
C88: =OFFSET(INDEX($24:$24, MATCH(C78, $24:$24, 0)), 4, 1) | D88: =OFFSET(INDEX($24:$24, MATCH(D78, $24:$24, 0)), 4, 1) -> 13.006 | E88: =OFFSET(INDEX($24:$24, MATCH(E78, $24:$24, 0)), 4, 1) -> 12.6344 | F88: =OFFSET(INDEX($24:$24, MATCH(F78, $24:$24, 0)), 4, 1) | G88: =OFFSET(INDEX($24:$24, MATCH(G78, $24:$24, 0)), 4, 1) | H88: =OFFSET(INDEX($24:$24, MATCH(H78, $24:$24, 0)), 4, 1) | I88: =OFFSET(INDEX($24:$24, MATCH(I78, $24:$24, 0)), 4, 1) | J88: =OFFSET(INDEX($24:$24, MATCH(J78, $24:$24, 0)), 4, 1) | ... AH88: =OFFSET(INDEX($24:$24, MATCH(AH78, $24:$24, 0)), 4, 1) | AJ88: =max(OFFSET(A88, 0, C76, 1, C76))*0.2-IF('방어구룬'!B$52=TRUE, 2.1*C10/'방어구룬'!$C$52, 0) -> 2.6012 | AK88: 쿨타임
A89: 피증 | C89: =(sum(C82:C84)+'종합'!$K$7+'종합'!$K$15+'종합'!$C$8/100+IF(AND('방어구룬'!$B$39=TRUE, OR(C78="2-1", C78="4-1", C78="4-3")), 0.24, "")+IF(AND('엠블럼룬'!$B$8=TRUE, $B$23<>"약점", C78="1-1"), 0.14, "")) -> 0.40552941 | D89: =(sum(D82:D84)+'종합'!$K$7+'종합'!$K$15+'종합'!$C$8/100+IF(AND('방어구룬'!$B$39=TRUE, OR(D78="2-1", D78="4-1", D78="4-3")), 0.24, "")+IF(AND('엠블럼룬'!$B$8=TRUE, $B$23<>"약점", D78="1-1"), 0.14, "")) -> 0.40552941 | E89: =(sum(E82:E84)+'종합'!$K$7+'종합'!$K$15+'종합'!$C$8/100+IF(AND('방어구룬'!$B$39=TRUE, OR(E78="2-1", E78="4-1", E78="4-3")), 0.24, "")+IF(AND('엠블럼룬'!$B$8=TRUE, $B$23<>"약점", E78="1-1"), 0.14, "")) -> 0.90552941 | F89: =(sum(F82:F84)+'종합'!$K$7+'종합'!$K$15+'종합'!$C$8/100+IF(AND('방어구룬'!$B$39=TRUE, OR(F78="2-1", F78="4-1", F78="4-3")), 0.24, "")+IF(AND('엠블럼룬'!$B$8=TRUE, $B$23<>"약점", F78="1-1"), 0.14, "")) -> 0.40552941 | G89: =(sum(G82:G84)+'종합'!$K$7+'종합'!$K$15+'종합'!$C$8/100+IF(AND('방어구룬'!$B$39=TRUE, OR(G78="2-1", G78="4-1", G78="4-3")), 0.24, "")+IF(AND('엠블럼룬'!$B$8=TRUE, $B$23<>"약점", G78="1-1"), 0.14, "")) -> 0.40552941 | H89: =(sum(H82:H84)+'종합'!$K$7+'종합'!$K$15+'종합'!$C$8/100+IF(AND('방어구룬'!$B$39=TRUE, OR(H78="2-1", H78="4-1", H78="4-3")), 0.24, "")+IF(AND('엠블럼룬'!$B$8=TRUE, $B$23<>"약점", H78="1-1"), 0.14, "")) -> 0.40552941 | I89: =(sum(I82:I84)+'종합'!$K$7+'종합'!$K$15+'종합'!$C$8/100+IF(AND('방어구룬'!$B$39=TRUE, OR(I78="2-1", I78="4-1", I78="4-3")), 0.24, "")+IF(AND('엠블럼룬'!$B$8=TRUE, $B$23<>"약점", I78="1-1"), 0.14, "")) -> 0.40552941 | J89: =(sum(J82:J84)+'종합'!$K$7+'종합'!$K$15+'종합'!$C$8/100+IF(AND('방어구룬'!$B$39=TRUE, OR(J78="2-1", J78="4-1", J78="4-3")), 0.24, "")+IF(AND('엠블럼룬'!$B$8=TRUE, $B$23<>"약점", J78="1-1"), 0.14, "")) -> 0.40552941 | ... AH89: =(sum(AH82:AH84)+'종합'!$K$7+'종합'!$K$15+'종합'!$C$8/100+IF(AND('방어구룬'!$B$39=TRUE, OR(AH78="2-1", AH78="4-1", AH78="4-3")), 0.24, "")+IF(AND('엠블럼룬'!$B$8=TRUE, $B$23<>"약점", AH78="1-1"), 0.14, "")) -> 0.40552941 | AJ89: =IF(AJ88-AJ87 < 0, 0, AJ88-AJ87) -> 0 | AK89: 남는시간
A90: 강연 | C90: =C85+C86+'종합'!$K$13 -> 1.07307 | D90: =D85+D86+'종합'!$K$13 -> 1.07307 | E90: =E85+E86+'종합'!$K$13 -> 1.07307 | F90: =F85+F86+'종합'!$K$13 -> 1.07307 | G90: =G85+G86+'종합'!$K$13 -> 1.07307 | H90: =H85+H86+'종합'!$K$13 -> 1.07307 | I90: =I85+I86+'종합'!$K$13 -> 1.07307 | J90: =J85+J86+'종합'!$K$13 -> 1.07307 | ... AH90: =AH85+AH86+'종합'!$K$13 -> 1.07307 | AJ90: =0.8*(1-'종합'!I$22) -> 0.716896 | AK90: 평타시간
A91: 치명타계수 | C91: =1-'종합'!$K$17+'종합'!$K$12*'종합'!$K$17 -> 2.4724809 | D91: =1-'종합'!$K$17+'종합'!$K$12*'종합'!$K$17 -> 2.4724809 | E91: =1-'종합'!$K$17+'종합'!$K$12*'종합'!$K$17 -> 2.4724809 | F91: =1-'종합'!$K$17+'종합'!$K$12*'종합'!$K$17 -> 2.4724809 | G91: =1-'종합'!$K$17+'종합'!$K$12*'종합'!$K$17 -> 2.4724809 | H91: =1-'종합'!$K$17+'종합'!$K$12*'종합'!$K$17 -> 2.4724809 | I91: =1-'종합'!$K$17+'종합'!$K$12*'종합'!$K$17 -> 2.4724809 | J91: =1-'종합'!$K$17+'종합'!$K$12*'종합'!$K$17 -> 2.4724809 | ... AH91: =1-'종합'!$K$17+'종합'!$K$12*'종합'!$K$17 -> 2.4724809 | AJ91: ='헬퍼테이블'!E82 -> 0 | AK91: 평타횟수
A92: 추가타계수 | C92: =1-'종합'!$K$16+'종합'!$K$11*'종합'!$K$16 -> 1.3135228 | D92: =1-'종합'!$K$16+'종합'!$K$11*'종합'!$K$16 -> 1.3135228 | E92: =1-'종합'!$K$16+'종합'!$K$11*'종합'!$K$16 -> 1.3135228 | F92: =1-'종합'!$K$16+'종합'!$K$11*'종합'!$K$16 -> 1.3135228 | G92: =1-'종합'!$K$16+'종합'!$K$11*'종합'!$K$16 -> 1.3135228 | H92: =1-'종합'!$K$16+'종합'!$K$11*'종합'!$K$16 -> 1.3135228 | I92: =1-'종합'!$K$16+'종합'!$K$11*'종합'!$K$16 -> 1.3135228 | J92: =1-'종합'!$K$16+'종합'!$K$11*'종합'!$K$16 -> 1.3135228 | ... AH92: =1-'종합'!$K$16+'종합'!$K$11*'종합'!$K$16 -> 1.3135228
A93: 계산이후스킬뎀 | C93: =C79*(1+C89)*(1+C90)*C91*C92 -> 19.295809 | D93: =D79*(1+D89)*(1+D90)*D91*D92 -> 17.275384 | E93: =E79*(1+E89)*(1+E90)*E91*E92 -> 80.473321 | F93: =F79*(1+F89)*(1+F90)*F91*F92 -> 19.295809 | G93: =G79*(1+G89)*(1+G90)*G91*G92 -> 0 | H93: =H79*(1+H89)*(1+H90)*H91*H92 -> 0 | I93: =I79*(1+I89)*(1+I90)*I91*I92 -> 0 | J93: =J79*(1+J89)*(1+J90)*J91*J92 -> 0 | ... AH93: =AH79*(1+AH89)*(1+AH90)*AH91*AH92 -> 0
A94: 계산이후회심뎀 | C94: =C79*(1+C89)*(1+C90)*C91*C80*IF(OR(C78="1-2", C78="2-2", C78="4-1", C78="4-3", C78="5-1", C78="5-3"), 1,C92) -> 0 | D94: =D79*(1+D89)*(1+D90)*D91*D80*IF(OR(D78="1-2", D78="2-2", D78="4-1", D78="4-3", D78="5-1", D78="5-3"), 1,D92) -> 0 | E94: =E79*(1+E89)*(1+E90)*E91*E80*IF(OR(E78="1-2", E78="2-2", E78="4-1", E78="4-3", E78="5-1", E78="5-3"), 1,E92) -> 28.165662 | F94: =F79*(1+F89)*(1+F90)*F91*F80*IF(OR(F78="1-2", F78="2-2", F78="4-1", F78="4-3", F78="5-1", F78="5-3"), 1,F92) -> 0 | G94: =G79*(1+G89)*(1+G90)*G91*G80*IF(OR(G78="1-2", G78="2-2", G78="4-1", G78="4-3", G78="5-1", G78="5-3"), 1,G92) -> 0 | H94: =H79*(1+H89)*(1+H90)*H91*H80*IF(OR(H78="1-2", H78="2-2", H78="4-1", H78="4-3", H78="5-1", H78="5-3"), 1,H92) -> 0 | I94: =I79*(1+I89)*(1+I90)*I91*I80*IF(OR(I78="1-2", I78="2-2", I78="4-1", I78="4-3", I78="5-1", I78="5-3"), 1,I92) -> 0 | J94: =J79*(1+J89)*(1+J90)*J91*J80*IF(OR(J78="1-2", J78="2-2", J78="4-1", J78="4-3", J78="5-1", J78="5-3"), 1,J92) -> 0 | ... AH94: =AH79*(1+AH89)*(1+AH90)*AH91*AH80*IF(OR(AH78="1-2", AH78="2-2", AH78="4-1", AH78="4-3", AH78="5-1", AH78="5-3"), 1,AH92) -> 0 | AJ94: ='헬퍼테이블'!E83 -> 3.314608 | AK94: 사이클타임
A95: 합계 | B95: =SUM(OFFSET(A93, 0, C76, 2, C76)) -> 145.21018 | C95: =(1-'종합'!$K$17+'종합'!$K$12*'종합'!$K$17)*(1-'종합'!$K$16+'종합'!$K$11*'종합'!$K$16)*AJ95 -> 1.0510077 | D95: =(1-'종합'!$K$17+'종합'!$K$12*'종합'!$K$17)*(1-('종합'!$K$16+'종합'!$K$23)+'종합'!$K$11*('종합'!$K$16+'종합'!$K$23))*AJ91*if('무기룬'!$B$17=true,1.92,0.4) -> 0 | E95: =sum(B95:D95)/AJ94 -> 44.126239 | AJ95: =0.22*(1+'종합'!$C$28)*C76/3 -> 0.32362 | AK95: 사이클당충격파
I96: =sum(G93:L94) -> 0
B98: ='종합'!I37&" "&'종합'!I37 -> 252 252 | C98: =LEN(SUBSTITUTE(B98," ",""))/2 -> 3
A99: =IFERROR(MID(SUBSTITUTE($B98," ",""),COLUMN(),1),"") -> 2 | B99: =IFERROR(MID(SUBSTITUTE($B98," ",""),COLUMN(),1),"") -> 5 | C99: =IFERROR(MID(SUBSTITUTE($B98," ",""),COLUMN(),1),"") -> 2 | D99: =IFERROR(MID(SUBSTITUTE($B98," ",""),COLUMN(),1),"") -> 2 | E99: =IFERROR(MID(SUBSTITUTE($B98," ",""),COLUMN(),1),"") -> 5 | F99: =IFERROR(MID(SUBSTITUTE($B98," ",""),COLUMN(),1),"") -> 2 | G99: =IFERROR(MID(SUBSTITUTE($B98," ",""),COLUMN(),1),"") | H99: =IFERROR(MID(SUBSTITUTE($B98," ",""),COLUMN(),1),"") | ... AI99: =IFERROR(MID(SUBSTITUTE($B98," ",""),COLUMN(),1),"")
